level,start,Start Level %,Complete Level %,Win Rate %,During Level %,Between Level %,fail rate %,churn rate %
1,170,0.8629441624365483,0.868020304568528,1.0058823529411764,0.005076142131979695,null,0,-0.00588235294117645
2,167,0.8477157360406091,0.8477157360406091,1,0,-0.023391812865497075,0,0
3,161,0.817258883248731,0.8121827411167513,0.9937888198757764,-0.005076142131979695,-0.03592814371257485,0,0.006211180124223614
4,156,0.7918781725888325,0.7918781725888325,1,0,-0.025,0,0
5,151,0.766497461928934,0.766497461928934,1,0,-0.03205128205128205,0.006535947712418277,0
6,147,0.7461928934010152,0.7461928934010152,1,0,-0.026490066225165563,0,0
7,143,0.7258883248730964,0.7258883248730964,1,0,-0.027210884353741496,0,0
8,134,0.6802030456852792,0.6802030456852792,1,0,-0.06293706293706294,0,0
9,128,0.649746192893401,0.649746192893401,1,0,-0.04477611940298507,0,0
10,128,0.649746192893401,0.6446700507614214,0.9921875,-0.005076142131979695,0,0.030303030303030276,0.0078125
11,118,0.5989847715736041,0.5888324873096447,0.9830508474576272,-0.01015228426395939,-0.07086614173228346,0.032786885245901676,0.016949152542372836
12,105,0.5329949238578681,0.5279187817258884,0.9904761904761905,-0.005076142131979695,-0.09482758620689655,0,0.00952380952380949
13,102,0.5177664974619289,0.5177664974619289,1,0,-0.019230769230769232,0.0535714285714286,0
14,94,0.47715736040609136,0.4720812182741117,0.9893617021276596,-0.005076142131979695,-0.0784313725490196,0,0.010638297872340385
15,90,0.45685279187817257,0.45685279187817257,1,0,-0.03225806451612903,0.021505376344086002,0
16,87,0.4416243654822335,0.4416243654822335,1,0,-0.03333333333333333,0,0
17,83,0.4213197969543147,0.4213197969543147,1,0,-0.04597701149425287,0,0
18,83,0.4213197969543147,0.4213197969543147,1,0,0,0,0
19,79,0.4010152284263959,0.4010152284263959,1,0,-0.04819277108433735,0,0
20,74,0.3756345177664975,0.38578680203045684,1.027027027027027,0.01015228426395939,-0.06329113924050633,0.0714285714285714,-0.027027027027026973
21,77,0.39086294416243655,0.3756345177664975,0.961038961038961,-0.015228426395939087,0.013157894736842105,0.24489795918367352,0.038961038961038974
22,68,0.34517766497461927,0.34517766497461927,1,0,-0.0684931506849315,0,0
23,67,0.3401015228426396,0.3401015228426396,1,0,-0.014705882352941176,0.014705882352941124,0
24,67,0.3401015228426396,0.3401015228426396,1,0,0,0.02898550724637683,0
25,68,0.34517766497461927,0.3401015228426396,0.9852941176470589,-0.005076142131979695,0.014925373134328358,0.11842105263157898,0.014705882352941124
26,63,0.3197969543147208,0.3197969543147208,1,0,-0.05970149253731343,0.015625,0
27,63,0.3197969543147208,0.3248730964467005,1.0158730158730158,0.005076142131979695,0,0,-0.015873015873015817
28,63,0.3197969543147208,0.3197969543147208,1,0,0,0.03076923076923077,0
29,63,0.3197969543147208,0.3197969543147208,1,0,0,0.015625,0
30,63,0.3197969543147208,0.3197969543147208,1,0,0,0,0
31,61,0.3096446700507614,0.3096446700507614,1,0,-0.031746031746031744,0,0
32,59,0.29949238578680204,0.2893401015228426,0.9661016949152542,-0.01015228426395939,-0.03278688524590164,0.017241379310344862,0.03389830508474578
33,54,0.27411167512690354,0.27411167512690354,1,0,-0.05263157894736842,0,0
34,53,0.26903553299492383,0.2639593908629442,0.9811320754716981,-0.005076142131979695,-0.018518518518518517,0,0.018867924528301883
35,50,0.25380710659898476,0.25380710659898476,1,0,-0.0196078431372549,0.019230769230769273,0
36,49,0.24873096446700507,0.24873096446700507,1,0,-0.02,0,0
37,49,0.24873096446700507,0.24873096446700507,1,0,0,0.1694915254237288,0
38,49,0.24873096446700507,0.24873096446700507,1,0,0,0.020000000000000018,0
39,49,0.24873096446700507,0.24873096446700507,1,0,-0.02,0.05769230769230771,0
40,50,0.25380710659898476,0.25380710659898476,1,0,0.02040816326530612,0.1228070175438597,0
41,48,0.2436548223350254,0.23857868020304568,0.9791666666666666,-0.005076142131979695,-0.04,0.02083333333333337,0.02083333333333337
42,48,0.2436548223350254,0.2436548223350254,1,0,0.02127659574468085,0.09259259259259256,0
43,44,0.2233502538071066,0.2233502538071066,1,0,-0.06382978723404255,0.13725490196078427,0
44,43,0.2182741116751269,0.2182741116751269,1,0,-0.022727272727272728,0,0
45,43,0.2182741116751269,0.2182741116751269,1,0,0,0,0
46,42,0.2131979695431472,0.2131979695431472,1,0,-0.023255813953488372,0.06666666666666665,0
47,41,0.20812182741116753,0.2131979695431472,1.024390243902439,0.005076142131979695,-0.023809523809523808,0,-0.024390243902439046
48,41,0.20812182741116753,0.20812182741116753,1,0,-0.023809523809523808,0.046511627906976716,0
49,41,0.20812182741116753,0.20812182741116753,1,0,0,0.13461538461538458,0
50,41,0.20812182741116753,0.20304568527918782,0.975609756097561,-0.005076142131979695,0,0.18367346938775508,0.024390243902439046
51,40,0.20304568527918782,0.20812182741116753,1.025,0.005076142131979695,0,0,-0.02499999999999991
52,40,0.20304568527918782,0.19796954314720813,0.975,-0.005076142131979695,-0.024390243902439025,0,0.025000000000000022
53,40,0.20304568527918782,0.20304568527918782,1,0,0.02564102564102564,0,0
54,41,0.20812182741116753,0.20812182741116753,1,0,0.025,0.06818181818181823,0
55,41,0.20812182741116753,0.20812182741116753,1,0,0,0,0
56,40,0.20304568527918782,0.20304568527918782,1,0,-0.024390243902439025,0,0
57,38,0.19289340101522842,0.19289340101522842,1,0,-0.05,0,0
58,38,0.19289340101522842,0.19289340101522842,1,0,0,0.02564102564102566,0
59,38,0.19289340101522842,0.19289340101522842,1,0,0,0.02564102564102566,0
60,38,0.19289340101522842,0.19289340101522842,1,0,0,0.24528301886792447,0
61,38,0.19289340101522842,0.19289340101522842,1,0,0,0,0
62,38,0.19289340101522842,0.19289340101522842,1,0,0,0.2692307692307693,0
63,36,0.18274111675126903,0.17258883248730963,0.9444444444444444,-0.01015228426395939,-0.05263157894736842,0.2941176470588235,0.05555555555555558
64,35,0.17766497461928935,0.18274111675126903,1.0285714285714285,0.005076142131979695,0.029411764705882353,0,-0.02857142857142847
65,36,0.18274111675126903,0.18274111675126903,1,0,0,0.052631578947368474,0
66,37,0.18781725888324874,0.18274111675126903,0.972972972972973,-0.005076142131979695,0,0,0.027027027027026973
67,36,0.18274111675126903,0.18274111675126903,1,0,0,0.027027027027026973,0
68,35,0.17766497461928935,0.17258883248730963,0.9714285714285714,-0.005076142131979695,-0.027777777777777776,0,0.02857142857142858
69,35,0.17766497461928935,0.17766497461928935,1,0,0.029411764705882353,0,0
70,35,0.17766497461928935,0.17766497461928935,1,0,0,0.02777777777777779,0
71,35,0.17766497461928935,0.17766497461928935,1,0,0,0.02777777777777779,0
72,34,0.17258883248730963,0.17258883248730963,1,0,-0.02857142857142857,0,0
73,34,0.17258883248730963,0.17258883248730963,1,0,0,0.05555555555555558,0
74,34,0.17258883248730963,0.17258883248730963,1,0,0,0,0
75,34,0.17258883248730963,0.17258883248730963,1,0,0,0,0
76,31,0.15736040609137056,0.15736040609137056,1,0,-0.08823529411764706,0,0
77,30,0.15228426395939088,0.14720812182741116,0.9666666666666667,-0.005076142131979695,-0.03225806451612903,0.09090909090909094,0.033333333333333326
78,29,0.14720812182741116,0.14720812182741116,1,0,0,0,0
79,28,0.14213197969543148,0.14213197969543148,1,0,-0.034482758620689655,0,0
80,29,0.14720812182741116,0.14720812182741116,1,0,0.03571428571428571,0,0
81,29,0.14720812182741116,0.14720812182741116,1,0,0,0.06451612903225812,0
82,29,0.14720812182741116,0.14720812182741116,1,0,0,0.1470588235294118,0
83,29,0.14720812182741116,0.14720812182741116,1,0,0,0,0
84,30,0.15228426395939088,0.15228426395939088,1,0,0.034482758620689655,0.032258064516129004,0
85,30,0.15228426395939088,0.15228426395939088,1,0,0,0.11764705882352944,0
86,29,0.14720812182741116,0.14720812182741116,1,0,-0.03333333333333333,0.033333333333333326,0
87,29,0.14720812182741116,0.14720812182741116,1,0,0,0.1842105263157895,0
88,29,0.14720812182741116,0.14720812182741116,1,0,0,0,0
89,29,0.14720812182741116,0.14720812182741116,1,0,0,0.033333333333333326,0
90,29,0.14720812182741116,0.14720812182741116,1,0,0,0.2682926829268293,0
91,29,0.14720812182741116,0.14720812182741116,1,0,0,0.06451612903225812,0
92,29,0.14720812182741116,0.14213197969543148,0.9655172413793104,-0.005076142131979695,0,0.33333333333333337,0.03448275862068961
93,29,0.14720812182741116,0.14720812182741116,1,0,0.03571428571428571,0,0
94,30,0.15228426395939088,0.15228426395939088,1,0,0.034482758620689655,0,0
95,30,0.15228426395939088,0.15228426395939088,1,0,0,0.032258064516129004,0
96,30,0.15228426395939088,0.15228426395939088,1,0,0,0,0
97,30,0.15228426395939088,0.15228426395939088,1,0,0,0.5584415584415585,0
98,30,0.15228426395939088,0.15228426395939088,1,0,0,0.0625,0
99,30,0.15228426395939088,0.15228426395939088,1,0,0,0,0
100,29,0.14720812182741116,0.14720812182741116,1,0,-0.03333333333333333,0,0
101,28,0.14213197969543148,0.14720812182741116,1.0357142857142858,0.005076142131979695,-0.034482758620689655,0,-0.03571428571428581
102,30,0.15228426395939088,0.15228426395939088,1,0,0.034482758620689655,0.032258064516129004,0
103,28,0.14213197969543148,0.14213197969543148,1,0,-0.034482758620689655,0.16216216216216217,0
104,28,0.14213197969543148,0.14213197969543148,1,0,0,0.4545454545454546,0
105,27,0.13705583756345177,0.13705583756345177,1,0,-0.03571428571428571,0,0
106,28,0.14213197969543148,0.14720812182741116,1.0357142857142858,0.005076142131979695,0.037037037037037035,0,-0.03571428571428581
107,29,0.14720812182741116,0.14720812182741116,1,0,0,0,0
108,29,0.14720812182741116,0.14720812182741116,1,0,0,0.21621621621621623,0
109,29,0.14720812182741116,0.14720812182741116,1,0,0,0.033333333333333326,0
110,29,0.14720812182741116,0.14720812182741116,1,0,0,0.523076923076923,0
111,28,0.14213197969543148,0.14213197969543148,1,0,-0.034482758620689655,0.03448275862068961,0
112,28,0.14213197969543148,0.14213197969543148,1,0,0,0.06451612903225812,0
113,29,0.14720812182741116,0.14720812182741116,1,0,0.03571428571428571,0.06451612903225812,0
114,29,0.14720812182741116,0.14720812182741116,1,0,0,0,0
115,29,0.14720812182741116,0.14720812182741116,1,0,0,0,0
116,29,0.14720812182741116,0.14720812182741116,1,0,0,0.12121212121212122,0
117,28,0.14213197969543148,0.14213197969543148,1,0,-0.034482758620689655,0.09677419354838712,0
118,29,0.14720812182741116,0.14720812182741116,1,0,0.03571428571428571,0.1470588235294118,0
119,29,0.14720812182741116,0.14720812182741116,1,0,0,0.033333333333333326,0
120,29,0.14720812182741116,0.14720812182741116,1,0,0,0.033333333333333326,0
121,29,0.14720812182741116,0.14720812182741116,1,0,0,0,0
122,29,0.14720812182741116,0.14720812182741116,1,0,0,0,0
123,29,0.14720812182741116,0.14720812182741116,1,0,0,0.033333333333333326,0
124,29,0.14720812182741116,0.14213197969543148,0.9655172413793104,-0.005076142131979695,0,0.125,0.03448275862068961
125,28,0.14213197969543148,0.14213197969543148,1,0,0,0.125,0
126,27,0.13705583756345177,0.13705583756345177,1,0,-0.03571428571428571,0.0357142857142857,0
127,28,0.14213197969543148,0.13705583756345177,0.9642857142857143,-0.005076142131979695,0.037037037037037035,0.20588235294117652,0.0357142857142857
128,27,0.13705583756345177,0.13705583756345177,1,0,0,0,0
129,27,0.13705583756345177,0.13705583756345177,1,0,0,0,0
130,27,0.13705583756345177,0.13705583756345177,1,0,0,0.09999999999999998,0
131,27,0.13705583756345177,0.1319796954314721,0.9629629629629629,-0.005076142131979695,0,0.03703703703703709,0.03703703703703709
132,25,0.12690355329949238,0.12690355329949238,1,0,-0.038461538461538464,0,0
133,25,0.12690355329949238,0.12690355329949238,1,0,0,0,0
134,25,0.12690355329949238,0.12690355329949238,1,0,0,0,0
135,25,0.12690355329949238,0.1218274111675127,0.96,-0.005076142131979695,0,0.040000000000000036,0.040000000000000036
136,25,0.12690355329949238,0.12690355329949238,1,0,0.041666666666666664,0.4897959183673469,0
137,25,0.12690355329949238,0.12690355329949238,1,0,0,0.038461538461538436,0
138,25,0.12690355329949238,0.1319796954314721,1.04,0.005076142131979695,0,0.0357142857142857,-0.040000000000000036
139,26,0.1319796954314721,0.1319796954314721,1,0,0,0,0
140,26,0.1319796954314721,0.1319796954314721,1,0,0,0,0
141,25,0.12690355329949238,0.12690355329949238,1,0,-0.038461538461538464,0,0
142,25,0.12690355329949238,0.12690355329949238,1,0,0,0.07407407407407407,0
143,24,0.1218274111675127,0.1218274111675127,1,0,-0.04,0.040000000000000036,0
144,25,0.12690355329949238,0.12690355329949238,1,0,0.041666666666666664,0.21212121212121215,0
145,24,0.1218274111675127,0.1218274111675127,1,0,-0.04,0,0
146,24,0.1218274111675127,0.1218274111675127,1,0,0,0.07692307692307687,0
147,23,0.116751269035533,0.116751269035533,1,0,-0.041666666666666664,0.39473684210526316,0
148,23,0.116751269035533,0.116751269035533,1,0,0,0,0
149,23,0.116751269035533,0.1116751269035533,0.9565217391304348,-0.005076142131979695,0,0,0.04347826086956519
150,23,0.116751269035533,0.1116751269035533,0.9565217391304348,-0.005076142131979695,0.045454545454545456,0.04347826086956519,0.04347826086956519
151,22,0.1116751269035533,0.1065989847715736,0.9545454545454546,-0.005076142131979695,0,0.04166666666666663,0.045454545454545414
152,22,0.1116751269035533,0.1116751269035533,1,0,0.047619047619047616,0.12,0
153,24,0.1218274111675127,0.1218274111675127,1,0,0.09090909090909091,0.21212121212121215,0
154,23,0.116751269035533,0.1218274111675127,1.0434782608695652,0.005076142131979695,-0.041666666666666664,0.07692307692307687,-0.04347826086956519
155,24,0.1218274111675127,0.1218274111675127,1,0,0,0,0
156,24,0.1218274111675127,0.1218274111675127,1,0,0,0,0
157,23,0.116751269035533,0.116751269035533,1,0,-0.041666666666666664,0.04166666666666663,0
158,23,0.116751269035533,0.116751269035533,1,0,0,0.07692307692307687,0
159,23,0.116751269035533,0.116751269035533,1,0,0,0.19999999999999996,0
160,23,0.116751269035533,0.116751269035533,1,0,0,0,0
161,21,0.1065989847715736,0.1065989847715736,1,0,-0.08695652173913043,0.08695652173913049,0
162,21,0.1065989847715736,0.1065989847715736,1,0,0,0,0
163,20,0.10152284263959391,0.10152284263959391,1,0,-0.047619047619047616,0,0
164,20,0.10152284263959391,0.10152284263959391,1,0,0,0.045454545454545414,0
165,20,0.10152284263959391,0.10152284263959391,1,0,0,0.30000000000000004,0
166,20,0.10152284263959391,0.10152284263959391,1,0,0,0.2857142857142857,0
167,20,0.10152284263959391,0.10152284263959391,1,0,0,0.04761904761904767,0
168,20,0.10152284263959391,0.10152284263959391,1,0,0,0.8497109826589595,0
169,20,0.10152284263959391,0.10152284263959391,1,0,0,0,0
170,20,0.10152284263959391,0.10152284263959391,1,0,0,0.16666666666666663,0
171,20,0.10152284263959391,0.10152284263959391,1,0,0,0,0
172,20,0.10152284263959391,0.09644670050761421,0.95,-0.005076142131979695,0,0.13636363636363635,0.050000000000000044
173,19,0.09644670050761421,0.09644670050761421,1,0,0,0,0
174,19,0.09644670050761421,0.09644670050761421,1,0,0,0.04761904761904767,0
175,20,0.10152284263959391,0.10152284263959391,1,0,0.05263157894736842,0.19999999999999996,0
176,20,0.10152284263959391,0.10152284263959391,1,0,0,0,0
177,20,0.10152284263959391,0.10152284263959391,1,0,0,0,0
178,20,0.10152284263959391,0.10152284263959391,1,0,0,0,0
179,20,0.10152284263959391,0.10152284263959391,1,0,0,0.04761904761904767,0
180,20,0.10152284263959391,0.10152284263959391,1,0,0,0,0
181,18,0.09137055837563451,0.09137055837563451,1,0,-0.05263157894736842,0,0
182,18,0.09137055837563451,0.09137055837563451,1,0,0,0,0
183,19,0.09644670050761421,0.09644670050761421,1,0,0.05555555555555555,0.050000000000000044,0
184,19,0.09644670050761421,0.09644670050761421,1,0,0,0.045454545454545414,0
185,19,0.09644670050761421,0.09644670050761421,1,0,0,0.09523809523809523,0
186,19,0.09644670050761421,0.09644670050761421,1,0,0,0.16666666666666663,0
187,18,0.09137055837563451,0.09137055837563451,1,0,0,0,0
188,18,0.09137055837563451,0.09137055837563451,1,0,0,0.25,0
189,18,0.09137055837563451,0.08629441624365482,0.9444444444444444,-0.005076142131979695,0,0.7532467532467533,0.05555555555555558
190,17,0.08629441624365482,0.08629441624365482,1,0,0,0.2272727272727273,0
191,16,0.08121827411167512,0.08121827411167512,1,0,-0.058823529411764705,0,0
192,16,0.08121827411167512,0.08121827411167512,1,0,0,0,0
193,17,0.08629441624365482,0.08629441624365482,1,0,0.0625,0.05555555555555558,0
194,17,0.08629441624365482,0.08629441624365482,1,0,0,0.21739130434782605,0
195,17,0.08629441624365482,0.08629441624365482,1,0,0,0,0
196,17,0.08629441624365482,0.08629441624365482,1,0,0,0.4516129032258065,0
197,17,0.08629441624365482,0.08629441624365482,1,0,0,0,0
198,16,0.08121827411167512,0.08121827411167512,1,0,-0.058823529411764705,0,0
199,16,0.08121827411167512,0.08121827411167512,1,0,0,0.11111111111111116,0
200,18,0.09137055837563451,0.08629441624365482,0.9444444444444444,-0.005076142131979695,0.058823529411764705,0.19047619047619047,0.05555555555555558
201,18,0.09137055837563451,0.08629441624365482,0.9444444444444444,-0.005076142131979695,0.058823529411764705,0,0.05555555555555558
202,18,0.09137055837563451,0.08629441624365482,0.9444444444444444,-0.005076142131979695,0.058823529411764705,0.09999999999999998,0.05555555555555558
203,17,0.08629441624365482,0.08121827411167512,0.9411764705882353,-0.005076142131979695,0,0.10526315789473684,0.05882352941176472
204,16,0.08121827411167512,0.07614213197969544,0.9375,-0.005076142131979695,0,0,0.0625
205,16,0.08121827411167512,0.07614213197969544,0.9375,-0.005076142131979695,0.06666666666666667,0.0625,0.0625
206,16,0.08121827411167512,0.07614213197969544,0.9375,-0.005076142131979695,0.06666666666666667,0,0.0625
207,15,0.07614213197969544,0.07106598984771574,0.9333333333333333,-0.005076142131979695,0,0.125,0.06666666666666665
208,14,0.07106598984771574,0.06598984771573604,0.9285714285714286,-0.005076142131979695,0,0.0625,0.0714285714285714
209,14,0.07106598984771574,0.06598984771573604,0.9285714285714286,-0.005076142131979695,0.07692307692307693,0.375,0.0714285714285714
210,14,0.07106598984771574,0.06091370558375635,0.8571428571428571,-0.01015228426395939,0.07692307692307693,0.125,0.1428571428571429
211,12,0.06091370558375635,0.06091370558375635,1,0,0,0,0
212,13,0.06598984771573604,0.06091370558375635,0.9230769230769231,-0.005076142131979695,0.08333333333333333,0.17647058823529416,0.07692307692307687
213,13,0.06598984771573604,0.06091370558375635,0.9230769230769231,-0.005076142131979695,0.08333333333333333,0.07692307692307687,0.07692307692307687
214,12,0.06091370558375635,0.05583756345177665,0.9166666666666666,-0.005076142131979695,0,0.2142857142857143,0.08333333333333337
215,13,0.06598984771573604,0.06091370558375635,0.9230769230769231,-0.005076142131979695,0.18181818181818182,0,0.07692307692307687
216,12,0.06091370558375635,0.05583756345177665,0.9166666666666666,-0.005076142131979695,0,0.56,0.08333333333333337
217,12,0.06091370558375635,0.05583756345177665,0.9166666666666666,-0.005076142131979695,0.09090909090909091,0.1428571428571429,0.08333333333333337
218,12,0.06091370558375635,0.05583756345177665,0.9166666666666666,-0.005076142131979695,0.09090909090909091,0,0.08333333333333337
219,12,0.06091370558375635,0.05583756345177665,0.9166666666666666,-0.005076142131979695,0.09090909090909091,0.07692307692307687,0.08333333333333337
220,11,0.05583756345177665,0.06091370558375635,1.0909090909090908,0.005076142131979695,0,0,-0.09090909090909083
221,12,0.06091370558375635,0.05583756345177665,0.9166666666666666,-0.005076142131979695,0,0.15384615384615385,0.08333333333333337
222,13,0.06598984771573604,0.06091370558375635,0.9230769230769231,-0.005076142131979695,0.18181818181818182,0.07692307692307687,0.07692307692307687
223,12,0.06091370558375635,0.05583756345177665,0.9166666666666666,-0.005076142131979695,0,0.5757575757575757,0.08333333333333337
224,11,0.05583756345177665,0.05583756345177665,1,0,0,0.08333333333333337,0
225,12,0.06091370558375635,0.06091370558375635,1,0,0.09090909090909091,0,0
226,12,0.06091370558375635,0.05583756345177665,0.9166666666666666,-0.005076142131979695,0,0,0.08333333333333337
227,11,0.05583756345177665,0.05583756345177665,1,0,0,0,0
228,11,0.05583756345177665,0.05583756345177665,1,0,0,0.368421052631579,0
229,11,0.05583756345177665,0.05583756345177665,1,0,0,0.4545454545454546,0
230,11,0.05583756345177665,0.05583756345177665,1,0,0,0,0
231,11,0.05583756345177665,0.05583756345177665,1,0,0,0.2666666666666667,0
232,10,0.050761421319796954,0.050761421319796954,1,0,-0.09090909090909091,0,0
233,9,0.04568527918781726,0.04568527918781726,1,0,-0.1,0,0
234,9,0.04568527918781726,0.04568527918781726,1,0,0,0.09090909090909094,0
235,9,0.04568527918781726,0.04568527918781726,1,0,0,0,0
236,9,0.04568527918781726,0.04568527918781726,1,0,0,0,0
237,9,0.04568527918781726,0.04568527918781726,1,0,0,0,0
238,9,0.04568527918781726,0.04568527918781726,1,0,0,0.23076923076923073,0
239,9,0.04568527918781726,0.04568527918781726,1,0,0,0,0
240,9,0.04568527918781726,0.04568527918781726,1,0,0,0,0
241,9,0.04568527918781726,0.04568527918781726,1,0,0,0,0
242,9,0.04568527918781726,0.04568527918781726,1,0,0,0,0
243,9,0.04568527918781726,0.04568527918781726,1,0,0,0.25,0
244,9,0.04568527918781726,0.04568527918781726,1,0,0,0.25,0
245,8,0.04060913705583756,0.04568527918781726,1.125,0.005076142131979695,-0.1111111111111111,0,-0.125
246,9,0.04568527918781726,0.04568527918781726,1,0,0,0.09999999999999998,0
247,9,0.04568527918781726,0.04568527918781726,1,0,0,0,0
248,9,0.04568527918781726,0.04568527918781726,1,0,0,0.3571428571428571,0
249,9,0.04568527918781726,0.04568527918781726,1,0,0,0,0
250,8,0.04060913705583756,0.04060913705583756,1,0,-0.1111111111111111,0,0
251,8,0.04060913705583756,0.04060913705583756,1,0,0,0.55,0
252,9,0.04568527918781726,0.04568527918781726,1,0,0.125,0.4,0
253,9,0.04568527918781726,0.04568527918781726,1,0,0,0,0
254,9,0.04568527918781726,0.04568527918781726,1,0,0,0.25,0
255,9,0.04568527918781726,0.04568527918781726,1,0,0,0,0
256,9,0.04568527918781726,0.04568527918781726,1,0,0,0.09999999999999998,0
257,9,0.04568527918781726,0.04568527918781726,1,0,0,0.09090909090909094,0
258,9,0.04568527918781726,0.04568527918781726,1,0,0,0.09999999999999998,0
259,9,0.04568527918781726,0.04568527918781726,1,0,0,0,0
260,9,0.04568527918781726,0.04568527918781726,1,0,0,0,0
261,9,0.04568527918781726,0.04568527918781726,1,0,0,0,0
262,9,0.04568527918781726,0.04568527918781726,1,0,0,0,0
263,9,0.04568527918781726,0.04568527918781726,1,0,0,0,0
264,9,0.04568527918781726,0.04568527918781726,1,0,0,0.09999999999999998,0
265,8,0.04060913705583756,0.04060913705583756,1,0,-0.1111111111111111,0,0
266,8,0.04060913705583756,0.04060913705583756,1,0,0,0,0
267,8,0.04060913705583756,0.04060913705583756,1,0,0,0,0
268,8,0.04060913705583756,0.04060913705583756,1,0,0,0,0
269,8,0.04060913705583756,0.04060913705583756,1,0,0,0,0
270,8,0.04060913705583756,0.04060913705583756,1,0,0,0,0
271,8,0.04060913705583756,0.04060913705583756,1,0,0,0.2727272727272727,0
272,8,0.04060913705583756,0.04060913705583756,1,0,0,0,0
273,8,0.04060913705583756,0.04060913705583756,1,0,0,0,0
274,8,0.04060913705583756,0.04060913705583756,1,0,0,0,0
275,7,0.03553299492385787,0.03553299492385787,1,0,-0.125,0.2222222222222222,0
276,7,0.03553299492385787,0.03553299492385787,1,0,0,0.2222222222222222,0
277,7,0.03553299492385787,0.03553299492385787,1,0,0,0,0
278,7,0.03553299492385787,0.03553299492385787,1,0,0,0.19999999999999996,0
279,7,0.03553299492385787,0.03553299492385787,1,0,0,0.41666666666666663,0
280,7,0.03553299492385787,0.03553299492385787,1,0,0,0.30000000000000004,0
281,7,0.03553299492385787,0.03553299492385787,1,0,0,0.2222222222222222,0
282,7,0.03553299492385787,0.03553299492385787,1,0,0,0,0
283,7,0.03553299492385787,0.03553299492385787,1,0,0,0,0
284,7,0.03553299492385787,0.03553299492385787,1,0,0,0.2222222222222222,0
285,7,0.03553299492385787,0.03553299492385787,1,0,0,0,0
286,7,0.03553299492385787,0.03553299492385787,1,0,0,0.19999999999999996,0
287,7,0.03553299492385787,0.03553299492385787,1,0,0,0.30000000000000004,0
288,7,0.03553299492385787,0.03553299492385787,1,0,0,0,0
289,7,0.03553299492385787,0.03553299492385787,1,0,0,0.41666666666666663,0
290,7,0.03553299492385787,0.03553299492385787,1,0,0,0,0
291,7,0.03553299492385787,0.03553299492385787,1,0,0,0.4285714285714286,0
292,7,0.03553299492385787,0.03553299492385787,1,0,0,0,0
293,7,0.03553299492385787,0.03553299492385787,1,0,0,0.19999999999999996,0
294,7,0.03553299492385787,0.03553299492385787,1,0,0,0.36363636363636365,0
295,7,0.03553299492385787,0.03553299492385787,1,0,0,0.125,0
296,7,0.03553299492385787,0.03553299492385787,1,0,0,0,0
297,7,0.03553299492385787,0.03553299492385787,1,0,0,0,0
298,7,0.03553299492385787,0.03553299492385787,1,0,0,0,0
299,7,0.03553299492385787,0.03553299492385787,1,0,0,0,0
300,7,0.03553299492385787,0.03553299492385787,1,0,0,0.125,0
301,7,0.03553299492385787,0.03553299492385787,1,0,0,0.46153846153846156,0
302,7,0.03553299492385787,0.03553299492385787,1,0,0,0,0
303,7,0.03553299492385787,0.03553299492385787,1,0,0,0,0
304,7,0.03553299492385787,0.03553299492385787,1,0,0,0,0
305,7,0.03553299492385787,0.03553299492385787,1,0,0,0,0
306,7,0.03553299492385787,0.03553299492385787,1,0,0,0.30000000000000004,0
307,7,0.03553299492385787,0.03553299492385787,1,0,0,0,0
308,7,0.03553299492385787,0.03553299492385787,1,0,0,0.30000000000000004,0
309,7,0.03553299492385787,0.03553299492385787,1,0,0,0,0
310,7,0.03553299492385787,0.03553299492385787,1,0,0,0,0
311,7,0.03553299492385787,0.03553299492385787,1,0,0,0.30000000000000004,0
312,7,0.03553299492385787,0.03553299492385787,1,0,0,0,0
313,7,0.03553299492385787,0.03553299492385787,1,0,0,0,0
314,7,0.03553299492385787,0.03553299492385787,1,0,0,0.19999999999999996,0
315,7,0.03553299492385787,0.03553299492385787,1,0,0,0.4,0
316,7,0.03553299492385787,0.03553299492385787,1,0,0,0.125,0
317,7,0.03553299492385787,0.03553299492385787,1,0,0,0,0
318,7,0.03553299492385787,0.03553299492385787,1,0,0,0,0
319,7,0.03553299492385787,0.03553299492385787,1,0,0,0,0
320,7,0.03553299492385787,0.03553299492385787,1,0,0,0.11111111111111116,0
321,7,0.03553299492385787,0.03553299492385787,1,0,0,0.125,0
322,7,0.03553299492385787,0.03553299492385787,1,0,0,0,0
323,7,0.03553299492385787,0.03553299492385787,1,0,0,0,0
324,7,0.03553299492385787,0.03553299492385787,1,0,0,0,0
325,7,0.03553299492385787,0.03553299492385787,1,0,0,0,0
326,7,0.03553299492385787,0.03553299492385787,1,0,0,0.2222222222222222,0
327,7,0.03553299492385787,0.03553299492385787,1,0,0,0,0
328,7,0.03553299492385787,0.03553299492385787,1,0,0,0.125,0
329,7,0.03553299492385787,0.03553299492385787,1,0,0,0,0
330,7,0.03553299492385787,0.03553299492385787,1,0,0,0,0
331,7,0.03553299492385787,0.03553299492385787,1,0,0,0,0
332,7,0.03553299492385787,0.03553299492385787,1,0,0,0,0
333,7,0.03553299492385787,0.03553299492385787,1,0,0,0.5,0
334,7,0.03553299492385787,0.03553299492385787,1,0,0,0.125,0
335,7,0.03553299492385787,0.03553299492385787,1,0,0,0.125,0
336,7,0.03553299492385787,0.03553299492385787,1,0,0,0.2727272727272727,0
337,7,0.03553299492385787,0.03553299492385787,1,0,0,0,0
338,7,0.03553299492385787,0.03553299492385787,1,0,0,0,0
339,7,0.03553299492385787,0.03553299492385787,1,0,0,0,0
340,7,0.03553299492385787,0.03553299492385787,1,0,0,0,0
341,7,0.03553299492385787,0.03553299492385787,1,0,0,0.2222222222222222,0
342,7,0.03553299492385787,0.03553299492385787,1,0,0,0,0
343,7,0.03553299492385787,0.03553299492385787,1,0,0,0,0
344,7,0.03553299492385787,0.03553299492385787,1,0,0,0,0
345,7,0.03553299492385787,0.03553299492385787,1,0,0,0,0
346,7,0.03553299492385787,0.03553299492385787,1,0,0,0,0
347,7,0.03553299492385787,0.03553299492385787,1,0,0,0,0
348,7,0.03553299492385787,0.03553299492385787,1,0,0,0.30000000000000004,0
349,7,0.03553299492385787,0.03553299492385787,1,0,0,0,0
350,7,0.03553299492385787,0.03553299492385787,1,0,0,0,0
351,7,0.03553299492385787,0.03553299492385787,1,0,0,0,0
352,7,0.03553299492385787,0.03553299492385787,1,0,0,0,0
353,7,0.03553299492385787,0.03553299492385787,1,0,0,0.46153846153846156,0
354,7,0.03553299492385787,0.03553299492385787,1,0,0,0.33333333333333337,0
355,7,0.03553299492385787,0.03553299492385787,1,0,0,0,0
356,7,0.03553299492385787,0.03553299492385787,1,0,0,0.47058823529411764,0
357,7,0.03553299492385787,0.03553299492385787,1,0,0,0.3571428571428571,0
358,7,0.03553299492385787,0.03553299492385787,1,0,0,0,0
359,7,0.03553299492385787,0.03553299492385787,1,0,0,0,0
360,6,0.030456852791878174,0.030456852791878174,1,0,-0.14285714285714285,0,0
361,6,0.030456852791878174,0.030456852791878174,1,0,0,0.1428571428571429,0
362,6,0.030456852791878174,0.030456852791878174,1,0,0,0,0
363,6,0.030456852791878174,0.030456852791878174,1,0,0,0,0
364,6,0.030456852791878174,0.030456852791878174,1,0,0,0.2222222222222222,0
365,6,0.030456852791878174,0.030456852791878174,1,0,0,0,0
366,6,0.030456852791878174,0.030456852791878174,1,0,0,0,0
367,6,0.030456852791878174,0.030456852791878174,1,0,0,0,0
368,6,0.030456852791878174,0.030456852791878174,1,0,0,0.1428571428571429,0
369,6,0.030456852791878174,0.030456852791878174,1,0,0,0.1428571428571429,0
370,6,0.030456852791878174,0.030456852791878174,1,0,0,0,0
371,6,0.030456852791878174,0.030456852791878174,1,0,0,0.4545454545454546,0
372,6,0.030456852791878174,0.030456852791878174,1,0,0,0,0
373,6,0.030456852791878174,0.030456852791878174,1,0,0,0,0
374,6,0.030456852791878174,0.030456852791878174,1,0,0,0.1428571428571429,0
375,6,0.030456852791878174,0.030456852791878174,1,0,0,0,0
376,6,0.030456852791878174,0.030456852791878174,1,0,0,0,0
377,6,0.030456852791878174,0.030456852791878174,1,0,0,0,0
378,6,0.030456852791878174,0.030456852791878174,1,0,0,0.5238095238095238,0
379,6,0.030456852791878174,0.030456852791878174,1,0,0,0,0
380,6,0.030456852791878174,0.030456852791878174,1,0,0,0,0
381,6,0.030456852791878174,0.030456852791878174,1,0,0,0.1428571428571429,0
382,6,0.030456852791878174,0.030456852791878174,1,0,0,0,0
383,6,0.030456852791878174,0.030456852791878174,1,0,0,0,0
384,6,0.030456852791878174,0.030456852791878174,1,0,0,0,0
385,6,0.030456852791878174,0.030456852791878174,1,0,0,0,0
386,6,0.030456852791878174,0.030456852791878174,1,0,0,0,0
387,6,0.030456852791878174,0.030456852791878174,1,0,0,0,0
388,6,0.030456852791878174,0.030456852791878174,1,0,0,0,0
389,6,0.030456852791878174,0.030456852791878174,1,0,0,0,0
390,6,0.030456852791878174,0.030456852791878174,1,0,0,0,0
391,6,0.030456852791878174,0.030456852791878174,1,0,0,0.1428571428571429,0
392,6,0.030456852791878174,0.030456852791878174,1,0,0,0.1428571428571429,0
393,6,0.030456852791878174,0.030456852791878174,1,0,0,0.1428571428571429,0
394,6,0.030456852791878174,0.030456852791878174,1,0,0,0.1428571428571429,0
395,6,0.030456852791878174,0.030456852791878174,1,0,0,0,0
396,6,0.030456852791878174,0.030456852791878174,1,0,0,0.6,0
397,6,0.030456852791878174,0.030456852791878174,1,0,0,0,0
398,6,0.030456852791878174,0.030456852791878174,1,0,0,0.4,0
399,6,0.030456852791878174,0.030456852791878174,1,0,0,0.25,0
400,6,0.030456852791878174,0.030456852791878174,1,0,0,0,0
401,6,0.030456852791878174,0.030456852791878174,1,0,0,0,0
402,6,0.030456852791878174,0.030456852791878174,1,0,0,0,0
403,6,0.030456852791878174,0.030456852791878174,1,0,0,0.25,0
404,6,0.030456852791878174,0.030456852791878174,1,0,0,0.1428571428571429,0
405,6,0.030456852791878174,0.030456852791878174,1,0,0,0,0
406,6,0.030456852791878174,0.030456852791878174,1,0,0,0,0
407,6,0.030456852791878174,0.030456852791878174,1,0,0,0,0
408,6,0.030456852791878174,0.030456852791878174,1,0,0,0,0
409,6,0.030456852791878174,0.030456852791878174,1,0,0,0.1428571428571429,0
410,6,0.030456852791878174,0.030456852791878174,1,0,0,0,0
411,6,0.030456852791878174,0.030456852791878174,1,0,0,0,0
412,6,0.030456852791878174,0.030456852791878174,1,0,0,0,0
413,6,0.030456852791878174,0.030456852791878174,1,0,0,0.125,0
414,6,0.030456852791878174,0.030456852791878174,1,0,0,0,0
415,6,0.030456852791878174,0.030456852791878174,1,0,0,0,0
416,6,0.030456852791878174,0.030456852791878174,1,0,0,0.2222222222222222,0
417,6,0.030456852791878174,0.030456852791878174,1,0,0,0,0
418,6,0.030456852791878174,0.030456852791878174,1,0,0,0.25,0
419,6,0.030456852791878174,0.030456852791878174,1,0,0,0.30000000000000004,0
420,6,0.030456852791878174,0.030456852791878174,1,0,0,0,0
421,6,0.030456852791878174,0.030456852791878174,1,0,0,0.1428571428571429,0
422,6,0.030456852791878174,0.030456852791878174,1,0,0,0,0
423,6,0.030456852791878174,0.030456852791878174,1,0,0,0.1428571428571429,0
424,6,0.030456852791878174,0.030456852791878174,1,0,0,0.4,0
425,6,0.030456852791878174,0.030456852791878174,1,0,0,0.1428571428571429,0
426,6,0.030456852791878174,0.030456852791878174,1,0,0,0,0
427,6,0.030456852791878174,0.030456852791878174,1,0,0,0,0
428,6,0.030456852791878174,0.030456852791878174,1,0,0,0,0
429,6,0.030456852791878174,0.030456852791878174,1,0,0,0,0
430,6,0.030456852791878174,0.030456852791878174,1,0,0,0,0
431,6,0.030456852791878174,0.030456852791878174,1,0,0,0,0
432,6,0.030456852791878174,0.030456852791878174,1,0,0,0,0
433,6,0.030456852791878174,0.030456852791878174,1,0,0,0,0
434,6,0.030456852791878174,0.030456852791878174,1,0,0,0,0
435,6,0.030456852791878174,0.030456852791878174,1,0,0,0,0
436,6,0.030456852791878174,0.030456852791878174,1,0,0,0.1428571428571429,0
437,6,0.030456852791878174,0.030456852791878174,1,0,0,0,0
438,6,0.030456852791878174,0.030456852791878174,1,0,0,0,0
439,6,0.030456852791878174,0.030456852791878174,1,0,0,0.55,0
440,6,0.030456852791878174,0.030456852791878174,1,0,0,0,0
441,6,0.030456852791878174,0.030456852791878174,1,0,0,0.33333333333333337,0
442,6,0.030456852791878174,0.030456852791878174,1,0,0,0,0
443,6,0.030456852791878174,0.030456852791878174,1,0,0,0,0
444,6,0.030456852791878174,0.030456852791878174,1,0,0,0.1428571428571429,0
445,6,0.030456852791878174,0.030456852791878174,1,0,0,0,0
446,6,0.030456852791878174,0.030456852791878174,1,0,0,0.30000000000000004,0
447,6,0.030456852791878174,0.030456852791878174,1,0,0,0,0
448,6,0.030456852791878174,0.030456852791878174,1,0,0,0.33333333333333337,0
449,6,0.030456852791878174,0.030456852791878174,1,0,0,0,0
450,6,0.030456852791878174,0.030456852791878174,1,0,0,0,0
451,6,0.030456852791878174,0.030456852791878174,1,0,0,0,0
452,6,0.030456852791878174,0.030456852791878174,1,0,0,0,0
453,6,0.030456852791878174,0.030456852791878174,1,0,0,0,0
454,6,0.030456852791878174,0.030456852791878174,1,0,0,0.1428571428571429,0
455,6,0.030456852791878174,0.030456852791878174,1,0,0,0,0
456,6,0.030456852791878174,0.030456852791878174,1,0,0,0.1428571428571429,0
457,6,0.030456852791878174,0.030456852791878174,1,0,0,0,0
458,6,0.030456852791878174,0.030456852791878174,1,0,0,0.1428571428571429,0
459,6,0.030456852791878174,0.030456852791878174,1,0,0,0.4666666666666667,0
460,6,0.030456852791878174,0.030456852791878174,1,0,0,0,0
461,6,0.030456852791878174,0.030456852791878174,1,0,0,0,0
462,6,0.030456852791878174,0.030456852791878174,1,0,0,0.1428571428571429,0
463,6,0.030456852791878174,0.030456852791878174,1,0,0,0,0
464,6,0.030456852791878174,0.030456852791878174,1,0,0,0,0
465,6,0.030456852791878174,0.030456852791878174,1,0,0,0,0
466,6,0.030456852791878174,0.030456852791878174,1,0,0,0,0
467,6,0.030456852791878174,0.030456852791878174,1,0,0,0,0
468,6,0.030456852791878174,0.030456852791878174,1,0,0,0.1428571428571429,0
469,6,0.030456852791878174,0.030456852791878174,1,0,0,0.1428571428571429,0
470,6,0.030456852791878174,0.030456852791878174,1,0,0,0,0
471,6,0.030456852791878174,0.030456852791878174,1,0,0,0,0
472,6,0.030456852791878174,0.030456852791878174,1,0,0,0,0
473,6,0.030456852791878174,0.030456852791878174,1,0,0,0,0
474,6,0.030456852791878174,0.030456852791878174,1,0,0,0.1428571428571429,0
475,6,0.030456852791878174,0.030456852791878174,1,0,0,0,0
476,6,0.030456852791878174,0.030456852791878174,1,0,0,0.1428571428571429,0
477,6,0.030456852791878174,0.030456852791878174,1,0,0,0,0
478,6,0.030456852791878174,0.030456852791878174,1,0,0,0.1428571428571429,0
479,5,0.025380710659898477,0.025380710659898477,1,0,-0.16666666666666666,0,0
480,5,0.025380710659898477,0.025380710659898477,1,0,0,0,0
481,5,0.025380710659898477,0.030456852791878174,1.2,0.005076142131979695,0,0,-0.19999999999999996
482,6,0.030456852791878174,0.030456852791878174,1,0,0,0,0
483,6,0.030456852791878174,0.030456852791878174,1,0,0,0.25,0
484,6,0.030456852791878174,0.030456852791878174,1,0,0,0,0
485,6,0.030456852791878174,0.030456852791878174,1,0,0,0,0
486,6,0.030456852791878174,0.030456852791878174,1,0,0,0,0
487,6,0.030456852791878174,0.030456852791878174,1,0,0,0,0
488,6,0.030456852791878174,0.030456852791878174,1,0,0,0,0
489,6,0.030456852791878174,0.030456852791878174,1,0,0,0,0
490,6,0.030456852791878174,0.030456852791878174,1,0,0,0,0
491,6,0.030456852791878174,0.030456852791878174,1,0,0,0,0
492,6,0.030456852791878174,0.030456852791878174,1,0,0,0.1428571428571429,0
493,6,0.030456852791878174,0.030456852791878174,1,0,0,0.5,0
494,6,0.030456852791878174,0.030456852791878174,1,0,0,0.1428571428571429,0
495,6,0.030456852791878174,0.030456852791878174,1,0,0,0,0
496,6,0.030456852791878174,0.030456852791878174,1,0,0,0,0
497,6,0.030456852791878174,0.030456852791878174,1,0,0,0,0
498,6,0.030456852791878174,0.030456852791878174,1,0,0,0,0
499,6,0.030456852791878174,0.030456852791878174,1,0,0,0.1428571428571429,0
500,6,0.030456852791878174,0.030456852791878174,1,0,0,0,0
501,6,0.030456852791878174,0.030456852791878174,1,0,0,0.25,0
502,6,0.030456852791878174,0.030456852791878174,1,0,0,0,0
503,6,0.030456852791878174,0.030456852791878174,1,0,0,0.33333333333333337,0
504,6,0.030456852791878174,0.030456852791878174,1,0,0,0.1428571428571429,0
505,6,0.030456852791878174,0.030456852791878174,1,0,0,0,0
506,6,0.030456852791878174,0.030456852791878174,1,0,0,0,0
507,6,0.030456852791878174,0.030456852791878174,1,0,0,0,0
508,6,0.030456852791878174,0.030456852791878174,1,0,0,0,0
509,6,0.030456852791878174,0.030456852791878174,1,0,0,0.1428571428571429,0
510,6,0.030456852791878174,0.030456852791878174,1,0,0,0,0
511,6,0.030456852791878174,0.030456852791878174,1,0,0,0.125,0
512,6,0.030456852791878174,0.030456852791878174,1,0,0,0,0
513,6,0.030456852791878174,0.030456852791878174,1,0,0,0,0
514,6,0.030456852791878174,0.030456852791878174,1,0,0,0.11111111111111116,0
515,6,0.030456852791878174,0.030456852791878174,1,0,0,0,0
516,6,0.030456852791878174,0.030456852791878174,1,0,0,0.1428571428571429,0
517,6,0.030456852791878174,0.030456852791878174,1,0,0,0.1428571428571429,0
518,6,0.030456852791878174,0.030456852791878174,1,0,0,0.11111111111111116,0
519,6,0.030456852791878174,0.030456852791878174,1,0,0,0,0
520,5,0.025380710659898477,0.025380710659898477,1,0,-0.16666666666666666,0,0
521,5,0.025380710659898477,0.025380710659898477,1,0,0,0,0
522,5,0.025380710659898477,0.025380710659898477,1,0,0,0,0
523,6,0.030456852791878174,0.030456852791878174,1,0,0.2,0.30000000000000004,0
524,6,0.030456852791878174,0.030456852791878174,1,0,0,0,0
525,6,0.030456852791878174,0.030456852791878174,1,0,0,0.25,0
526,6,0.030456852791878174,0.030456852791878174,1,0,0,0,0
527,6,0.030456852791878174,0.030456852791878174,1,0,0,0,0
528,6,0.030456852791878174,0.025380710659898477,0.8333333333333334,-0.005076142131979695,0,0,0.16666666666666663
529,5,0.025380710659898477,0.025380710659898477,1,0,0,0.16666666666666663,0
530,5,0.025380710659898477,0.025380710659898477,1,0,0,0,0
531,5,0.025380710659898477,0.030456852791878174,1.2,0.005076142131979695,0,0,-0.19999999999999996
532,6,0.030456852791878174,0.030456852791878174,1,0,0,0,0
533,6,0.030456852791878174,0.02030456852791878,0.6666666666666666,-0.01015228426395939,0,0,0.33333333333333337
534,4,0.02030456852791878,0.025380710659898477,1.25,0.005076142131979695,0,0,-0.25
535,5,0.025380710659898477,0.025380710659898477,1,0,0,0,0
536,5,0.025380710659898477,0.025380710659898477,1,0,0,0,0
537,5,0.025380710659898477,0.025380710659898477,1,0,0,0,0
538,5,0.025380710659898477,0.02030456852791878,0.8,-0.005076142131979695,0,0.16666666666666663,0.19999999999999996
539,3,0.015228426395939087,0.015228426395939087,1,0,-0.25,0,0
540,3,0.015228426395939087,0.015228426395939087,1,0,0,0,0
541,4,0.02030456852791878,0.02030456852791878,1,0,0.3333333333333333,0,0
542,4,0.02030456852791878,0.02030456852791878,1,0,0,0,0
543,4,0.02030456852791878,0.02030456852791878,1,0,0,0,0
544,4,0.02030456852791878,0.02030456852791878,1,0,0,0.4285714285714286,0
545,4,0.02030456852791878,0.02030456852791878,1,0,0,0,0
546,5,0.025380710659898477,0.025380710659898477,1,0,0.25,0.16666666666666663,0
547,5,0.025380710659898477,0.025380710659898477,1,0,0,0,0
548,5,0.025380710659898477,0.025380710659898477,1,0,0,0.16666666666666663,0
549,5,0.025380710659898477,0.025380710659898477,1,0,0,0,0
550,5,0.025380710659898477,0.025380710659898477,1,0,0,0,0
551,5,0.025380710659898477,0.025380710659898477,1,0,0,0,0
552,5,0.025380710659898477,0.025380710659898477,1,0,0,0,0
553,5,0.025380710659898477,0.02030456852791878,0.8,-0.005076142131979695,0,0,0.19999999999999996
554,4,0.02030456852791878,0.02030456852791878,1,0,0,0,0
555,5,0.025380710659898477,0.025380710659898477,1,0,0.25,0,0
556,5,0.025380710659898477,0.025380710659898477,1,0,0,0,0
557,5,0.025380710659898477,0.025380710659898477,1,0,0,0.16666666666666663,0
558,5,0.025380710659898477,0.025380710659898477,1,0,0,0,0
559,5,0.025380710659898477,0.025380710659898477,1,0,0,0,0
560,5,0.025380710659898477,0.025380710659898477,1,0,0,0.16666666666666663,0
561,5,0.025380710659898477,0.025380710659898477,1,0,0,0.16666666666666663,0
562,5,0.025380710659898477,0.025380710659898477,1,0,0,0,0
563,5,0.025380710659898477,0.025380710659898477,1,0,0,0.1428571428571429,0
564,5,0.025380710659898477,0.025380710659898477,1,0,0,0.2857142857142857,0
565,4,0.02030456852791878,0.02030456852791878,1,0,-0.2,0,0
566,4,0.02030456852791878,0.02030456852791878,1,0,0,0.19999999999999996,0
567,4,0.02030456852791878,0.02030456852791878,1,0,0,0,0
568,3,0.015228426395939087,0.015228426395939087,1,0,-0.25,0,0
569,4,0.02030456852791878,0.02030456852791878,1,0,0.3333333333333333,0,0
570,4,0.02030456852791878,0.02030456852791878,1,0,0,0,0
571,4,0.02030456852791878,0.02030456852791878,1,0,0,0,0
572,4,0.02030456852791878,0.015228426395939087,0.75,-0.005076142131979695,0,0,0.25
573,3,0.015228426395939087,0.015228426395939087,1,0,0,0,0
574,3,0.015228426395939087,0.015228426395939087,1,0,0,0,0
575,3,0.015228426395939087,0.015228426395939087,1,0,0,0,0
576,3,0.015228426395939087,0.015228426395939087,1,0,0,0,0
577,3,0.015228426395939087,0.015228426395939087,1,0,0,0,0
578,3,0.015228426395939087,0.015228426395939087,1,0,0,0,0
579,3,0.015228426395939087,0.015228426395939087,1,0,0,0,0
580,3,0.015228426395939087,0.015228426395939087,1,0,0,0,0
581,3,0.015228426395939087,0.015228426395939087,1,0,0,0,0
582,3,0.015228426395939087,0.015228426395939087,1,0,0,0,0
583,3,0.015228426395939087,0.015228426395939087,1,0,0,0,0
584,3,0.015228426395939087,0.015228426395939087,1,0,0,0,0
585,3,0.015228426395939087,0.015228426395939087,1,0,0,0,0
586,2,0.01015228426395939,0.01015228426395939,1,0,-0.3333333333333333,0.33333333333333337,0
587,3,0.015228426395939087,0.015228426395939087,1,0,0.5,0,0
588,3,0.015228426395939087,0.015228426395939087,1,0,0,0,0
589,3,0.015228426395939087,0.015228426395939087,1,0,0,0,0
590,3,0.015228426395939087,0.015228426395939087,1,0,0,0,0
591,3,0.015228426395939087,0.015228426395939087,1,0,0,0,0
592,3,0.015228426395939087,0.015228426395939087,1,0,0,0,0
593,3,0.015228426395939087,0.015228426395939087,1,0,0,0,0
594,3,0.015228426395939087,0.015228426395939087,1,0,0,0,0
595,3,0.015228426395939087,0.015228426395939087,1,0,0,0,0
596,3,0.015228426395939087,0.015228426395939087,1,0,0,0,0
597,3,0.015228426395939087,0.015228426395939087,1,0,0,0,0
598,3,0.015228426395939087,0.015228426395939087,1,0,0,0,0
599,3,0.015228426395939087,0.015228426395939087,1,0,0,0,0
600,5,0.025380710659898477,0.02030456852791878,0.8,-0.005076142131979695,0.6666666666666666,0,0.19999999999999996