level,Avg time spent (minutes),Median time spent (minutes),Cumulative avg time spent (minutes),%User having more than one attempt,avg attempts,median attempts
1,0.2684210526315789,0.15,0.2684210526315789,0.005714285714285714,0.9771428571428571,1
2,0.1510978043912176,0.11666666666666667,0.41951885702279645,0.011976047904191617,1.0119760479041917,1
3,0.2014583333333332,0.16666666666666666,0.6209771903561296,0.006211180124223602,1.0124223602484472,1
4,0.23344017094017083,0.21666666666666667,0.8544173612963004,0.01282051282051282,1.0128205128205128,1
5,0.8119205298013248,0.5833333333333334,1.6663378910976252,0.006578947368421052,1,1
6,0.6639455782312925,0.5166666666666667,2.3302834693289176,0.006802721088435374,1.0068027210884354,1
7,0.39172494172494204,0.36666666666666664,2.7220084110538596,0.006993006993006993,1.006993006993007,1
8,0.32462686567164184,0.3,3.0466352767255014,0.007462686567164179,1.007462686567164,1
9,0.36354166666666665,0.3333333333333333,3.410176943392168,0,1,1
10,1.0161417322834647,0.6666666666666666,4.426318675675633,0.03125,1.03125,1
11,1.6341880341880337,1,6.060506709863667,0.03389830508474576,1.0508474576271187,1
12,0.38573717948717945,0.35,6.446243889350846,0,1,1
13,2.8735294117647054,1.8666666666666667,9.319773301115552,0.07766990291262135,1.087378640776699,1
14,1.6627240143369175,1.0166666666666666,10.98249731545247,0.010638297872340425,1.0106382978723405,1
15,1.2224074074074076,1.0166666666666666,12.204904722859878,0.022222222222222223,1.0333333333333334,1
16,3.1208812260536405,0.4666666666666667,15.325785948913518,0.011494252873563218,1.0114942528735633,1
17,0.48273092369477916,0.4,15.808516872608298,0.024096385542168676,1.036144578313253,1
18,0.7997991967871487,0.6833333333333333,16.608316069395446,0.012048192771084338,1.0120481927710843,1
19,0.706751054852321,0.6333333333333333,17.31506712424777,0,0.9875,1
20,1.2962719298245613,1.05,18.61133905407233,0.10526315789473684,1.0789473684210527,1
21,6.399774774774775,3.6333333333333333,25.011113828847108,0.15584415584415584,1.3116883116883118,1
22,1.1720588235294118,1.0166666666666666,26.18317265237652,0,1,1
23,1.305721393034825,0.8166666666666667,27.488894045411346,0.014925373134328358,1.0149253731343284,1
24,0.9542288557213929,0.9166666666666666,28.44312290113274,0.029850746268656716,1.0298507462686568,1
25,4.8517412935323385,1.5166666666666666,33.29486419466508,0.07352941176470588,1.1176470588235294,1
26,0.6201058201058199,0.5666666666666667,33.9149700147709,0.015873015873015872,1.0158730158730158,1
27,0.5911458333333331,0.55,34.50611584810424,0,0.984375,1
28,1.0597883597883597,0.7,35.56590420789259,0.031746031746031744,1.0317460317460319,1
29,0.8182539682539686,0.7,36.38415817614656,0.015873015873015872,1.0158730158730158,1
30,0.6277777777777778,0.5833333333333334,37.01193595392434,0.015873015873015872,1.0317460317460319,1
31,1.1666666666666667,0.43333333333333335,38.17860262059101,0,1,1
32,0.9897660818713448,0.8666666666666667,39.16836870246235,0.01694915254237288,1.0169491525423728,1
33,0.43086419753086425,0.4,39.59923289999322,0,1,1
34,1.3625000000000003,1.1166666666666667,40.961732899993216,0.018867924528301886,1.0188679245283019,1
35,0.8783333333333333,0.8,41.840066233326546,0.04,1.04,1
36,0.6782312925170069,0.5666666666666667,42.51829752584355,0,1,1
37,1.4799319727891156,1.3166666666666667,43.99822949863267,0.16326530612244897,1.2040816326530612,1
38,0.953061224489796,0.8166666666666667,44.95129072312246,0.02040816326530612,1.0204081632653061,1
39,0.7928571428571426,0.75,45.744147865979606,0.061224489795918366,1.0612244897959184,1
40,1.8663333333333327,1.5,47.610481199312936,0.08,1.14,1
41,0.749645390070922,0.6,48.36012658938386,0.020833333333333332,1.0208333333333333,1
42,2.9010416666666665,1.5666666666666667,51.261168256050524,0.10416666666666667,1.1458333333333333,1
43,0.6003787878787881,0.55,51.86154704392931,0.045454545454545456,1.1590909090909092,1
44,0.6267441860465116,0.5833333333333334,52.48829122997582,0,1,1
45,0.5131782945736434,0.5,53.001469524549464,0,1,1
46,0.9972222222222222,0.8333333333333334,53.998691746771684,0.07142857142857142,1.0714285714285714,1
47,0.5932539682539685,0.5333333333333333,54.59194571502565,0,0.9761904761904762,1
48,1.9231707317073172,1.05,56.51511644673297,0.024390243902439025,1.048780487804878,1
49,8.412601626016258,1.0166666666666666,64.92771807274923,0.07317073170731707,1.2682926829268293,1
50,1.8762499999999995,1.1833333333333333,66.80396807274923,0.12195121951219512,1.2439024390243902,1
51,0.47195121951219515,0.4666666666666667,67.27591929226142,0.024390243902439025,1,1
52,0.5632478632478632,0.5166666666666667,67.83916715550929,0,1,1
53,0.9687500000000003,0.6333333333333333,68.80791715550929,0.025,1.025,1
54,1.3016260162601627,1,70.10954317176945,0.04878048780487805,1.0731707317073171,1
55,1.033739837398374,0.8333333333333334,71.14328300916782,0,1,1
56,0.9966666666666665,0.8,72.13994967583449,0,1,1
57,0.9013157894736844,0.85,73.04126546530817,0,1,1
58,0.46447368421052637,0.45,73.5057391495187,0.02631578947368421,1.0263157894736843,1
59,1.0065789473684212,0.95,74.51231809688713,0.02631578947368421,1.0263157894736843,1
60,4.817982456140351,1.7,79.33030055302748,0.18421052631578946,1.394736842105263,1
61,1.5276315789473685,0.5666666666666667,80.85793213197485,0,1,1
62,2.4438596491228073,1.7833333333333334,83.30179178109766,0.15789473684210525,1.368421052631579,1
63,4.171078431372549,2.7333333333333334,87.47287021247021,0.2222222222222222,1.4722222222222223,1
64,1.8115740740740744,0.9833333333333333,89.28444428654429,0,0.9722222222222222,1
65,1.2712962962962964,0.9,90.55574058284058,0.05555555555555555,1.0555555555555556,1
66,0.799074074074074,0.7166666666666667,91.35481465691466,0.02702702702702703,1.027027027027027,1
67,1.5430555555555556,1.2833333333333334,92.89787021247021,0.027777777777777776,1.0277777777777777,1
68,0.4230392156862745,0.4166666666666667,93.32090942815648,0,1,1
69,1.1142857142857145,0.75,94.4351951424422,0,1,1
70,6.670476190476191,1.2333333333333334,101.10567133291839,0.02857142857142857,1.0285714285714285,1
71,1.18,1.0333333333333334,102.2856713329184,0.02857142857142857,1.0285714285714285,1
72,0.8720588235294116,0.7666666666666667,103.15773015644781,0.029411764705882353,1.0294117647058822,1
73,0.723529411764706,0.6333333333333333,103.88125956821251,0.058823529411764705,1.0588235294117647,1
74,1.297549019607843,1.1166666666666667,105.17880858782036,0,1,1
75,1.0034313725490196,0.9,106.18223996036937,0,1,1
76,0.6129032258064518,0.6,106.79514318617582,0,1,1
77,2.2959770114942533,2.0833333333333335,109.09112019767008,0.13333333333333333,1.1333333333333333,1
78,0.48850574712643674,0.4666666666666667,109.57962594479652,0,1,1
79,0.7404761904761905,0.6833333333333333,110.3201021352727,0,1,1
80,0.6379310344827588,0.5833333333333334,110.95803316975547,0,1,1
81,1.0931034482758621,0.85,112.05113661803134,0.06896551724137931,1.0689655172413792,1
82,1.5304597701149425,1.2,113.58159638814628,0.06896551724137931,1.1724137931034482,1
83,0.643103448275862,0.6333333333333333,114.22469983642215,0,1,1
84,0.8072222222222222,0.8166666666666667,115.03192205864437,0.03333333333333333,1.0333333333333334,1
85,2.208888888888889,1.6,117.24081094753326,0.1,1.1333333333333333,1
86,1.2499999999999998,0.9833333333333333,118.49081094753326,0.034482758620689655,1.0344827586206897,1
87,2.9304597701149424,1.95,121.4212707176482,0.13793103448275862,1.3103448275862069,1
88,0.5793103448275863,0.5833333333333334,122.00058106247579,0,1,1
89,0.3827586206896552,0.38333333333333336,122.38333968316545,0.034482758620689655,1.0344827586206897,1
90,2.179310344827586,1.6833333333333333,124.56265002799303,0.20689655172413793,1.4137931034482758,1
91,1.7448275862068967,1.5333333333333334,126.30747761419993,0.034482758620689655,1.0689655172413792,1
92,3.1107142857142853,2.3666666666666667,129.4181918999142,0.1724137931034483,1.4827586206896552,1
93,0.4511494252873563,0.43333333333333335,129.86934132520156,0,1,1
94,0.7105555555555557,0.6666666666666666,130.5798968807571,0,1,1
95,0.4816666666666666,0.4833333333333333,131.06156354742376,0.03333333333333333,1.0333333333333334,1
96,0.3811111111111111,0.36666666666666664,131.44267465853488,0,1,1
97,11.911666666666662,2.8333333333333335,143.35434132520155,0.43333333333333335,2.566666666666667,1
98,0.9005555555555554,0.8,144.2548968807571,0.06666666666666667,1.0666666666666667,1
99,3.0172222222222227,1.3833333333333333,147.2721191029793,0.03333333333333333,1.0666666666666667,1
100,2.5850574712643675,1.35,149.85717657424368,0,0.9666666666666667,1
101,0.5011494252873564,0.4666666666666667,150.35832599953105,0,0.9655172413793104,1
102,1.6122222222222222,1.4166666666666667,151.97054822175326,0.03333333333333333,1.0333333333333334,1
103,7.297023809523809,2.6333333333333333,159.26757203127707,0.25,1.3214285714285714,1
104,5.548850574712643,3.3666666666666667,164.81642260598971,0.2413793103448276,1.896551724137931,1
105,1.4746913580246912,1.35,166.29111396401441,0,1,1
106,2.831609195402299,1.2333333333333334,169.12272315941672,0,0.9655172413793104,1
107,3.418390804597702,0.9166666666666666,172.54111396401441,0,1,1
108,2.8178160919540227,2.2333333333333334,175.35893005596844,0.1724137931034483,1.2758620689655173,1
109,0.6873563218390804,0.7,176.04628637780752,0.034482758620689655,1.0344827586206897,1
110,6.758045977011494,2.466666666666667,182.80433235481902,0.1724137931034483,2.2413793103448274,1
111,1.5208333333333328,1.4333333333333333,184.32516568815237,0.03571428571428571,1.0357142857142858,1
112,1.4541666666666668,1.2,185.77933235481905,0.03571428571428571,1.1071428571428572,1
113,2.4603448275862068,1.6833333333333333,188.23967718240525,0.06896551724137931,1.0689655172413792,1
114,1.039655172413793,0.9666666666666667,189.27933235481905,0,1,1
115,0.5229885057471264,0.45,189.80232086056617,0,1,1
116,1.6120689655172413,1.2,191.4143898260834,0.10344827586206896,1.1379310344827587,1
117,1.1029761904761906,1.1333333333333333,192.5173660165596,0.10714285714285714,1.1071428571428572,1
118,8.114942528735634,2.15,200.63230854529525,0.06896551724137931,1.1724137931034482,1
119,3.668390804597701,1.2666666666666666,204.30069934989294,0.034482758620689655,1.0344827586206897,1
120,2.1551724137931036,1.6166666666666667,206.45587176368605,0.034482758620689655,1.0344827586206897,1
121,0.8350574712643678,0.8166666666666667,207.29092923495043,0.034482758620689655,1.0344827586206897,1
122,0.7212643678160917,0.6666666666666666,208.01219360276653,0,1,1
123,1.0017241379310344,0.9166666666666666,209.01391774069756,0.034482758620689655,1.0344827586206897,1
124,3.1220238095238093,2.5833333333333335,212.13594155022136,0.13793103448275862,1.1379310344827587,1
125,1.1964285714285712,0.9666666666666667,213.33237012164994,0.07142857142857142,1.1428571428571428,1
126,1.3543209876543212,1.15,214.68669110930426,0.037037037037037035,1.037037037037037,1
127,2.7290123456790116,2.0833333333333335,217.4157034549833,0.17857142857142858,1.25,1
128,0.5185185185185185,0.48333333333333334,217.9342219735018,0,1,1
129,1.754320987654321,1.4666666666666666,219.68854296115612,0,1,1
130,1.9820987654320992,1.3666666666666667,221.67064172658823,0.1111111111111111,1.1111111111111112,1
131,4.282692307692307,1.9333333333333333,225.95333403428054,0.037037037037037035,1.037037037037037,1
132,1.1593333333333333,0.65,227.11266736761388,0,1,1
133,0.99,0.8833333333333333,228.1026673676139,0,1,1
134,0.49,0.4166666666666667,228.5926673676139,0,1,1
135,2.5140000000000002,1.9166666666666667,231.1066673676139,0,1,1
136,8.30133333333333,2.6,239.40800070094724,0.16,1.96,1
137,1.714666666666667,1.5166666666666666,241.1226673676139,0.04,1.04,1
138,8.23653846153846,1.6833333333333333,249.35920582915236,0.038461538461538464,1.0384615384615385,1
139,1.233974358974359,1.0166666666666666,250.59318018812672,0,1,1
140,0.9794871794871796,0.9333333333333333,251.57266736761392,0,1,1
141,0.8553333333333332,0.85,252.42800070094725,0,1,1
142,0.7606666666666666,0.7,253.18866736761393,0.08,1.08,1
143,1.9520833333333334,1.7,255.14075070094725,0.041666666666666664,1.0416666666666667,1
144,3.591333333333334,2.8333333333333335,258.7320840342806,0.12,1.32,1
145,0.9895833333333331,0.95,259.7216673676139,0,1,1
146,1.6791666666666665,1.5166666666666666,261.4008340342806,0.08333333333333333,1.0833333333333333,1
147,8.177536231884059,3.6,269.57837026616465,0.2608695652173913,1.6521739130434783,1
148,0.8202898550724637,0.7333333333333333,270.3986601212371,0,1,1
149,0.5257575757575759,0.5333333333333333,270.9244176969947,0,1,1
150,1.528030303030303,1.2833333333333334,272.45244800002496,0.043478260869565216,1.0434782608695652,1
151,0.7888888888888889,0.7166666666666667,273.24133688891385,0.09090909090909091,1.1363636363636365,1
152,1.9772727272727268,1.4333333333333333,275.2186096161866,0.09090909090909091,1.1363636363636365,1
153,2.7583333333333333,2.3333333333333335,277.9769429495199,0.2916666666666667,1.3333333333333333,1
154,2.7687499999999994,1.0166666666666666,280.74569294951993,0.08333333333333333,1.0416666666666667,1
155,1.091666666666667,1.05,281.8373596161866,0,1,1
156,0.863888888888889,0.8166666666666667,282.70124850507545,0,1,1
157,1.9789855072463767,1.5666666666666667,284.6802340123218,0.043478260869565216,1.0434782608695652,1
158,6.091304347826085,2.5166666666666666,290.77153836014793,0.13043478260869565,1.1304347826086956,1
159,3.8739130434782605,2.2666666666666666,294.64545140362617,0.13043478260869565,1.3043478260869565,1
160,1.0521739130434782,0.9166666666666666,295.69762531666964,0,1,1
161,2.7230158730158736,1.7,298.4206411896855,0.09523809523809523,1.0952380952380953,1
162,1.2571428571428571,1.1333333333333333,299.6777840468284,0,1,1
163,1.5916666666666663,1.6,301.269450713495,0,1,1
164,2.4883333333333333,1.3666666666666667,303.75778404682836,0.05,1.1,1
165,2.556666666666667,1.9833333333333334,306.31445071349503,0.2,1.5,1
166,4.444166666666666,2.35,310.7586173801617,0.15,1.4,1
167,1.365,1.0666666666666667,312.1236173801617,0.05,1.05,1
168,49.31666666666668,8.25,361.44028404682837,0.55,8.65,2
169,0.9750000000000003,0.5833333333333334,362.4152840468284,0,1,1
170,1.7333333333333336,1.55,364.14861738016174,0.1,1.2,1
171,1.0558333333333334,0.7166666666666667,365.2044507134951,0,1,1
172,2.2236842105263155,1.4166666666666667,367.4281349240214,0.15,1.15,1
173,1.3543859649122805,1.2166666666666666,368.7825208889337,0,1,1
174,4.476315789473684,3.283333333333333,373.25883667840736,0.10526315789473684,1.105263157894737,1
175,2.8891666666666667,2.4833333333333334,376.148003345074,0.2,1.25,1
176,0.7158333333333335,0.6,376.8638366784073,0,1,1
177,1.3258333333333334,0.9833333333333333,378.18967001174065,0,1,1
178,1.0083333333333333,0.8,379.19800334507397,0,1,1
179,1.1466666666666667,0.7833333333333333,380.3446700117406,0.05,1.05,1
180,0.5591666666666667,0.43333333333333335,380.9038366784073,0,1,1
181,1.663888888888889,1.3,382.5677255672962,0,1,1
182,2.1638888888888888,1.8333333333333333,384.73161445618507,0,1,1
183,0.9684210526315791,0.8166666666666667,385.70003550881665,0.05263157894736842,1.0526315789473684,1
184,2.0228070175438595,1.8166666666666667,387.7228425263605,0.15789473684210525,1.1578947368421053,1
185,2.0640350877192986,1.5166666666666666,389.7868776140798,0.10526315789473684,1.105263157894737,1
186,3.5692982456140356,2.35,393.35617585969385,0.15789473684210525,1.263157894736842,1
187,0.837037037037037,0.8166666666666667,394.19321289673087,0,1,1
188,4.247222222222223,2.8833333333333333,398.4404351189531,0.16666666666666666,1.3333333333333333,1
189,78.48529411764707,3.75,476.92572923660015,0.2777777777777778,8.555555555555555,1
190,2.4725490196078432,1.8166666666666667,479.398278256208,0.11764705882352941,1.2941176470588236,1
191,3.025,1,482.423278256208,0,1,1
192,1.384375,1.2166666666666666,483.80765325620797,0,1,1
193,1.3892156862745098,1.3166666666666667,485.19686894248247,0.058823529411764705,1.0588235294117647,1
194,2.5950980392156873,1.5666666666666667,487.7919669816982,0.058823529411764705,1.3529411764705883,1
195,1.972549019607843,1.6166666666666667,489.76451600130605,0,1,1
196,3.826470588235294,2.6166666666666667,493.59098658954133,0.29411764705882354,1.8235294117647058,1
197,1.6950980392156862,1.6666666666666667,495.286084628757,0,1,1
198,0.85,0.8666666666666667,496.13608462875703,0,1,1
199,4.761458333333333,1.3,500.89754296209037,0.0625,1.125,1
200,1.5450980392156863,1.1666666666666667,502.4426410013061,0.1111111111111111,1.2222222222222223,1
201,1.7911764705882351,1.45,504.2338174718943,0.05555555555555555,1.0555555555555556,1
202,1.523529411764706,1.45,505.757346883659,0.16666666666666666,1.1666666666666667,1
203,2.786458333333334,2.3666666666666667,508.5438052169923,0.11764705882352941,1.2352941176470589,1
204,0.7066666666666667,0.6833333333333333,509.250471883659,0,1,1
205,3.9500000000000006,1.1666666666666667,513.200471883659,0.0625,1.0625,1
206,1.49,1.3666666666666667,514.690471883659,0,1,1
207,4.91547619047619,2.4,519.6059480741352,0.06666666666666667,1.1333333333333333,1
208,3.671794871794872,2.8833333333333333,523.2777429459301,0.21428571428571427,1.2142857142857142,1
209,7.53076923076923,4.733333333333333,530.8085121766993,0.21428571428571427,1.7857142857142858,1
210,7.141025641025641,5.05,537.949537817725,0.2857142857142857,1.2857142857142858,1
211,3.548611111111111,0.75,541.498148928836,0,0.9230769230769231,1
212,3.3083333333333336,3.333333333333333,544.8064822621693,0.3076923076923077,1.3846153846153846,1
213,2.013888888888889,1.9333333333333333,546.8203711510582,0.07692307692307693,1.0769230769230769,1
214,3.0090909090909084,2.7,549.8294620601491,0.25,1.25,1
215,2.4041666666666663,2.1,552.2336287268158,0,1,1
216,4.259090909090909,4.816666666666666,556.4927196359067,0.5,2.1666666666666665,1
217,11.090909090909092,4.383333333333333,567.5836287268158,0.16666666666666666,1.25,1
218,0.8439393939393938,0.8166666666666667,568.4275681207553,0,1,1
219,2.477272727272727,2.1166666666666667,570.904840848028,0.16666666666666666,1.1666666666666667,1
220,1.4861111111111114,1.3333333333333333,572.3909519591391,0,0.9166666666666666,1
221,4.578787878787879,3.85,576.969739837927,0.16666666666666666,1.1666666666666667,1
222,1.9027777777777777,1.6833333333333333,578.8725176157049,0.07692307692307693,1.0769230769230769,1
223,11.509722222222221,4.316666666666666,590.382239837927,0.3333333333333333,2.9166666666666665,1
224,12.468181818181813,2.8333333333333335,602.8504216561089,0.09090909090909091,1.0909090909090908,1
225,0.9222222222222224,0.7666666666666667,603.7726438783311,0,1,1
226,24.41363636363636,2.3,628.1862802419674,0,1,1
227,0.7590909090909093,0.7333333333333333,628.9453711510583,0,1,1
228,5.6060606060606055,4.066666666666666,634.551431757119,0.45454545454545453,1.7272727272727273,1
229,3.643939393939394,2.933333333333333,638.1953711510583,0.36363636363636365,2,1
230,1.1787878787878787,1.2,639.3741590298462,0,1,1
231,4.928787878787879,4.25,644.302946908634,0.2727272727272727,1.3636363636363635,1
232,1.06,0.9,645.362946908634,0,1,1
233,2.005555555555555,1.8166666666666667,647.3685024641895,0,1,1
234,2.2685185185185186,2.033333333333333,649.637020982708,0.2222222222222222,1.2222222222222223,1
235,1.0444444444444445,0.9666666666666667,650.6814654271525,0,1,1
236,3.0888888888888895,3.1333333333333333,653.7703543160413,0,1,1
237,1.1962962962962962,1.1,654.9666506123376,0,1,1
238,3.0981481481481477,2.816666666666667,658.0647987604858,0.2222222222222222,1.4444444444444444,1
239,1.287037037037037,0.9833333333333333,659.3518357975229,0,1,1
240,0.7240740740740741,0.7166666666666667,660.075909871597,0,1,1
241,1.5074074074074073,1.6166666666666667,661.5833172790044,0,1,1
242,1.1203703703703705,1.1,662.7036876493747,0,1,1
243,5.1537037037037035,4.3,667.8573913530785,0.2222222222222222,1.3333333333333333,1
244,6.0018518518518515,3.4333333333333336,673.8592432049303,0.3333333333333333,1.3333333333333333,1
245,2.5814814814814815,1.7833333333333334,676.4407246864117,0,0.8888888888888888,1
246,1.9000000000000001,1.5166666666666666,678.3407246864117,0.1111111111111111,1.1111111111111112,1
247,2.1296296296296298,1.7,680.4703543160414,0,1,1
248,9.787037037037036,6.95,690.2573913530784,0.4444444444444444,1.5555555555555556,1
249,5.820370370370371,4.85,696.0777617234488,0,1,1
250,0.6729166666666666,0.65,696.7506783901155,0,1,1
251,11.610416666666667,7.55,708.3610950567821,0.375,2.5,1
252,6.483333333333334,4.816666666666666,714.8444283901155,0.3333333333333333,1.6666666666666667,1
253,0.9296296296296295,0.9166666666666666,715.7740580197451,0,1,1
254,3.32037037037037,2.3833333333333333,719.0944283901155,0.2222222222222222,1.3333333333333333,1
255,0.9722222222222222,1.0833333333333333,720.0666506123376,0,1,1
256,3.0148148148148146,2.783333333333333,723.0814654271525,0.1111111111111111,1.1111111111111112,1
257,2.8296296296296295,1.0833333333333333,725.9110950567821,0.2222222222222222,1.2222222222222223,1
258,3.6092592592592587,3.466666666666667,729.5203543160413,0.1111111111111111,1.1111111111111112,1
259,3.1888888888888887,2.3666666666666667,732.7092432049302,0,1,1
260,1.4814814814814816,1.5666666666666667,734.1907246864117,0,1,1
261,0.8796296296296297,0.8666666666666667,735.0703543160414,0,1,1
262,1.887037037037037,1.7666666666666666,736.9573913530785,0,1,1
263,3.2648148148148146,2.283333333333333,740.2222061678933,0,1,1
264,3.235185185185185,3.283333333333333,743.4573913530785,0.1111111111111111,1.1111111111111112,1
265,2.3479166666666664,2.216666666666667,745.8053080197452,0.125,1.125,1
266,0.9708333333333333,0.9833333333333333,746.7761413530785,0,1,1
267,1.9708333333333334,1.4666666666666666,748.7469746864118,0,1,1
268,2.5479166666666666,2.566666666666667,751.2948913530785,0,1,1
269,2.2354166666666666,2,753.5303080197451,0,1,1
270,1.2416666666666667,1.1333333333333333,754.7719746864118,0,1,1
271,3.675,3.7666666666666666,758.4469746864117,0.25,1.375,1
272,1.3708333333333331,1.2833333333333334,759.817808019745,0,1,1
273,5.94375,5.033333333333333,765.761558019745,0,1,1
274,3.533333333333333,2.216666666666667,769.2948913530784,0.125,1.125,1
275,2.023809523809524,1.6,771.3187008768879,0.14285714285714285,1.2857142857142858,1
276,9,6.866666666666666,780.3187008768879,0.14285714285714285,1.2857142857142858,1
277,1.161904761904762,1.1,781.4806056387927,0,1,1
278,5.321428571428571,4.933333333333334,786.8020342102212,0.2857142857142857,1.4285714285714286,1
279,4.480952380952381,3.683333333333333,791.2829865911737,0.2857142857142857,1.7142857142857142,1
280,4.878571428571429,3.35,796.161558019745,0.42857142857142855,1.5714285714285714,1
281,3.623809523809524,3.2333333333333334,799.7853675435546,0.2857142857142857,1.2857142857142858,1
282,4.20952380952381,1.7166666666666666,803.9948913530784,0,1,1
283,1.9547619047619047,1.9333333333333333,805.9496532578403,0,1,1
284,4.5,4.3,810.4496532578403,0.14285714285714285,1.2857142857142858,1
285,1.5095238095238097,1.3666666666666667,811.9591770673641,0,1,1
286,7.483333333333333,6.033333333333333,819.4425104006974,0.2857142857142857,1.4285714285714286,1
287,2.7809523809523813,2.283333333333333,822.2234627816498,0.14285714285714285,1.4285714285714286,1
288,2.7285714285714286,2.3666666666666667,824.9520342102212,0,1,1
289,6.957142857142857,5.466666666666667,831.9091770673641,0.2857142857142857,1.7142857142857142,1
290,0.911904761904762,0.8666666666666667,832.8210818292689,0,1,1
291,33.59285714285714,2.1666666666666665,866.4139389721261,0.2857142857142857,4,1
292,1.4452380952380952,1.5,867.8591770673642,0,1,1
293,6.359523809523808,4.283333333333333,874.218700876888,0.14285714285714285,1.4285714285714286,1
294,7.995238095238095,5.933333333333334,882.213938972126,0.2857142857142857,1.5714285714285714,1
295,2.9261904761904765,2.283333333333333,885.1401294483165,0.14285714285714285,1.1428571428571428,1
296,2.8380952380952382,2.533333333333333,887.9782246864117,0,1,1
297,1.561904761904762,1.4333333333333333,889.5401294483165,0,1,1
298,2.414285714285714,2.433333333333333,891.9544151626022,0.14285714285714285,1.1428571428571428,1
299,1.9285714285714286,1.95,893.8829865911737,0,1,1
300,2.3452380952380953,2.0166666666666666,896.2282246864117,0.14285714285714285,1.1428571428571428,1
301,9.192857142857145,10.166666666666666,905.4210818292689,0.42857142857142855,1.8571428571428572,1
302,0.95,0.95,906.371081829269,0,1,1
303,1.2238095238095237,1.2333333333333334,907.5948913530785,0,1,1
304,1.988095238095238,1.8833333333333333,909.5829865911737,0,1,1
305,1.307142857142857,1.3333333333333333,910.8901294483165,0,1,1
306,14.55952380952381,7.433333333333334,925.4496532578404,0.14285714285714285,1.4285714285714286,1
307,1.2952380952380953,1.3333333333333333,926.7448913530785,0,1,1
308,3.6000000000000005,3.6833333333333336,930.3448913530785,0.42857142857142855,1.4285714285714286,1
309,2.978571428571428,2.95,933.3234627816499,0,1,1
310,1.219047619047619,1.05,934.5425104006976,0,1,1
311,6.773809523809525,6.233333333333333,941.3163199245071,0.2857142857142857,1.4285714285714286,1
312,1.6142857142857143,1.5333333333333334,942.9306056387928,0,1,1
313,2.7642857142857147,2.7,945.6948913530786,0,1,1
314,7.654761904761905,7.516666666666667,953.3496532578405,0.2857142857142857,1.4285714285714286,1
315,11.488095238095237,5.333333333333333,964.8377484959357,0.42857142857142855,2.2857142857142856,1
316,2.2547619047619047,2.1333333333333333,967.0925104006976,0.14285714285714285,1.1428571428571428,1
317,1.1857142857142857,0.8333333333333334,968.2782246864119,0,1,1
318,2.083333333333333,2.0166666666666666,970.3615580197453,0,1,1
319,4.323809523809524,2.966666666666667,974.6853675435548,0,1,1
320,8.926190476190476,2.4833333333333334,983.6115580197453,0.2857142857142857,1.2857142857142858,1
321,3.1547619047619047,3.1666666666666665,986.7663199245072,0.14285714285714285,1.1428571428571428,1
322,1.976190476190476,1.2833333333333334,988.7425104006977,0,1,1
323,1.8666666666666671,1.9833333333333334,990.6091770673644,0,1,1
324,3.5904761904761906,2.75,994.1996532578406,0,1,1
325,1.130952380952381,1.1666666666666667,995.330605638793,0.14285714285714285,1.1428571428571428,1
326,3.8142857142857145,3.8,999.1448913530787,0.14285714285714285,1.2857142857142858,1
327,1.6214285714285714,1.6833333333333333,1000.7663199245073,0,1,1
328,2.3452380952380953,1.9333333333333333,1003.1115580197454,0.14285714285714285,1.1428571428571428,1
329,3.1,2.716666666666667,1006.2115580197454,0,1,1
330,1.4761904761904763,1.3833333333333333,1007.6877484959359,0,1,1
331,3.385714285714286,3.283333333333333,1011.0734627816502,0,1,1
332,0.5642857142857143,0.48333333333333334,1011.6377484959359,0,1,1
333,9.885714285714284,7.8,1021.5234627816501,0.42857142857142855,2,1
334,3.9714285714285715,3.683333333333333,1025.4948913530786,0.14285714285714285,1.1428571428571428,1
335,1.5261904761904763,1.4333333333333333,1027.0210818292692,0.14285714285714285,1.1428571428571428,1
336,11.378571428571428,9.333333333333334,1038.3996532578406,0.2857142857142857,1.5714285714285714,1
337,1.588095238095238,1.6666666666666667,1039.9877484959359,0,1,1
338,2.0595238095238093,1.9,1042.0472723054597,0,1,1
339,1.538095238095238,1.5333333333333334,1043.5853675435549,0,1,1
340,0.5738095238095238,0.6,1044.1591770673645,0,1,1
341,5.945238095238095,4.8,1050.1044151626024,0.14285714285714285,1.2857142857142858,1
342,0.7738095238095238,0.7166666666666667,1050.878224686412,0,1,1
343,3.4952380952380957,3.216666666666667,1054.3734627816502,0,1,1
344,2.2666666666666666,2.05,1056.6401294483169,0,1,1
345,1.8238095238095238,1.9333333333333333,1058.4639389721265,0,1,1
346,5.680952380952381,4.083333333333333,1064.144891353079,0,1,1
347,1.5309523809523806,1.5166666666666666,1065.6758437340313,0,1,1
348,5.261904761904762,4.316666666666666,1070.9377484959361,0.2857142857142857,1.4285714285714286,1
349,4.173809523809524,4.55,1075.1115580197456,0,1,1
350,1.7833333333333332,1.6333333333333333,1076.894891353079,0,1,1
351,1.7309523809523812,1.65,1078.6258437340314,0,1,1
352,0.9095238095238095,0.85,1079.5353675435551,0,1,1
353,15.047619047619047,4.783333333333333,1094.5829865911742,0.42857142857142855,1.8571428571428572,1
354,6.811904761904763,7.3,1101.394891353079,0.42857142857142855,1.7142857142857142,1
355,0.7976190476190477,0.8166666666666667,1102.192510400698,0,1,1
356,99.10952380952381,14,1201.3020342102218,0.42857142857142855,2.4285714285714284,1
357,8.75,8.233333333333333,1210.0520342102218,0.42857142857142855,2,1
358,3.5404761904761903,3.75,1213.592510400698,0,1,1
359,1.6404761904761906,1.5166666666666666,1215.2329865911743,0,1,1
360,1.0416666666666667,0.9166666666666666,1216.274653257841,0,1,1
361,4.541666666666667,3.8,1220.8163199245078,0.16666666666666666,1.1666666666666667,1
362,1.4916666666666665,1.45,1222.3079865911743,0,1,1
363,4.747222222222223,4.566666666666666,1227.0552088133966,0.16666666666666666,1.1666666666666667,1
364,4.491666666666666,4.083333333333333,1231.5468754800631,0.16666666666666666,1.5,1
365,2.4194444444444447,2.2333333333333334,1233.9663199245076,0,1,1
366,2.0805555555555557,2.05,1236.0468754800631,0,1,1
367,1.0638888888888889,1,1237.110764368952,0,1,1
368,6.683333333333334,5.7,1243.7940977022854,0.16666666666666666,1.1666666666666667,1
369,3.130555555555556,2.6166666666666667,1246.9246532578409,0.16666666666666666,1.1666666666666667,1
370,0.5833333333333334,0.5166666666666667,1247.5079865911741,0,1,1
371,5.511111111111112,3.7333333333333334,1253.0190977022853,0.3333333333333333,1.8333333333333333,1
372,1.1166666666666665,1.1,1254.1357643689519,0,1,1
373,3.9361111111111113,3.533333333333333,1258.071875480063,0,1,1
374,3.413888888888889,3.05,1261.4857643689518,0.16666666666666666,1.1666666666666667,1
375,1.133333333333333,1.0833333333333333,1262.6190977022852,0,1,1
376,6.147222222222222,5.966666666666667,1268.7663199245073,0,1,1
377,1.8805555555555553,1.4666666666666666,1270.6468754800628,0,1,1
378,11.069444444444443,3.283333333333333,1281.7163199245072,0.3333333333333333,3.5,1
379,1.6027777777777779,1.6166666666666667,1283.319097702285,0,1,1
380,0.6916666666666665,0.6666666666666666,1284.0107643689516,0,1,1
381,4.3500000000000005,3.8,1288.3607643689515,0.16666666666666666,1.1666666666666667,1
382,1.6777777777777778,1.7166666666666666,1290.0385421467292,0,1,1
383,2.375,2.1166666666666667,1292.4135421467292,0,1,1
384,2.05,1.7833333333333334,1294.4635421467292,0,1,1
385,2.011111111111111,1.4666666666666666,1296.4746532578404,0,1,1
386,1.3583333333333334,1.25,1297.8329865911737,0,1,1
387,1.4750000000000003,1.2666666666666666,1299.3079865911736,0,1,1
388,3.4361111111111113,2.7666666666666666,1302.7440977022848,0,1,1
389,1.8499999999999999,1.8666666666666667,1304.5940977022847,0,1,1
390,0.9694444444444444,0.9,1305.563542146729,0,1,1
391,5.011111111111111,3.6166666666666667,1310.5746532578403,0.16666666666666666,1.1666666666666667,1
392,3.9611111111111117,3.683333333333333,1314.5357643689515,0.16666666666666666,1.1666666666666667,1
393,2.5611111111111113,2.216666666666667,1317.0968754800626,0.16666666666666666,1.1666666666666667,1
394,4.436111111111111,4.116666666666666,1321.5329865911738,0.16666666666666666,1.1666666666666667,1
395,0.5138888888888888,0.5166666666666667,1322.0468754800627,0,1,1
396,9.244444444444445,5.5,1331.2913199245072,0.3333333333333333,2.5,1
397,1.4305555555555556,1.2333333333333334,1332.7218754800629,0,1,1
398,4.9,3.5,1337.621875480063,0.3333333333333333,1.6666666666666667,1
399,5.738888888888888,4.733333333333333,1343.3607643689518,0.16666666666666666,1.3333333333333333,1
400,0.9583333333333335,0.9166666666666666,1344.319097702285,0,1,1
401,3.305555555555555,2.9,1347.6246532578407,0,1,1
402,1.5999999999999999,1.25,1349.2246532578406,0,1,1
403,4.325,3.25,1353.5496532578406,0.3333333333333333,1.3333333333333333,1
404,2.7416666666666667,2.1666666666666665,1356.2913199245072,0.16666666666666666,1.1666666666666667,1
405,1.075,0.8,1357.3663199245073,0,1,1
406,2.272222222222222,2.1333333333333333,1359.6385421467294,0,1,1
407,1.472222222222222,1.3333333333333333,1361.1107643689515,0,1,1
408,1.3999999999999997,1.2833333333333334,1362.5107643689516,0,1,1
409,4.883333333333334,4.45,1367.394097702285,0.16666666666666666,1.1666666666666667,1
410,1.1861111111111111,1.1333333333333333,1368.5802088133962,0,1,1
411,3.2944444444444443,3.1666666666666665,1371.8746532578407,0,1,1
412,0.7722222222222223,0.7666666666666667,1372.6468754800628,0,1,1
413,8.691666666666666,7.516666666666667,1381.3385421467294,0.3333333333333333,1.3333333333333333,1
414,5.083333333333333,3.683333333333333,1386.4218754800627,0,1,1
415,0.5472222222222222,0.5,1386.969097702285,0,1,1
416,4.580555555555555,3.533333333333333,1391.5496532578404,0.5,1.5,1
417,0.7194444444444444,0.75,1392.2690977022849,0,1,1
418,8.205555555555556,7.1,1400.4746532578404,0.16666666666666666,1.3333333333333333,1
419,11.616666666666667,6.8,1412.091319924507,0.3333333333333333,1.6666666666666667,1
420,2.086111111111111,2.0166666666666666,1414.1774310356182,0,1,1
421,2.2055555555555557,1.9666666666666666,1416.3829865911737,0.16666666666666666,1.1666666666666667,1
422,2.422222222222222,2.2666666666666666,1418.805208813396,0,1,1
423,2.338888888888889,2.2666666666666666,1421.1440977022849,0.16666666666666666,1.1666666666666667,1
424,4.522222222222221,3.9,1425.666319924507,0.5,1.6666666666666667,1
425,1.0472222222222223,0.9666666666666667,1426.7135421467292,0.16666666666666666,1.1666666666666667,1
426,2.9694444444444446,2.6,1429.6829865911736,0,1,1
427,2.441666666666667,2.3333333333333335,1432.1246532578402,0,1,1
428,1.2055555555555555,1.1,1433.3302088133958,0,1,1
429,3.3083333333333336,2.6666666666666665,1436.6385421467292,0,1,1
430,0.9555555555555554,0.8666666666666667,1437.5940977022847,0,1,1
431,3.2000000000000006,3.0166666666666666,1440.7940977022847,0,1,1
432,1,0.8666666666666667,1441.7940977022847,0,1,1
433,2.4944444444444445,2.1333333333333333,1444.2885421467292,0,1,1
434,2.772222222222222,2.9,1447.0607643689514,0,1,1
435,0.5305555555555556,0.5166666666666667,1447.591319924507,0,1,1
436,2.6,1.9666666666666666,1450.1913199245068,0.16666666666666666,1.1666666666666667,1
437,1.075,1.0833333333333333,1451.266319924507,0,1,1
438,7.152777777777779,4.7,1458.4190977022847,0,1,1
439,37.827777777777776,10.05,1496.2468754800625,0.6666666666666666,3.3333333333333335,2
440,0.49444444444444446,0.48333333333333334,1496.741319924507,0,1,1
441,13.177777777777779,7.716666666666667,1509.9190977022847,0.16666666666666666,1.5,1
442,1.4027777777777777,1.3166666666666667,1511.3218754800625,0.16666666666666666,1.1666666666666667,1
443,1.2722222222222224,1.25,1512.5940977022847,0,1,1
444,6.952777777777778,4.45,1519.5468754800625,0.16666666666666666,1.1666666666666667,1
445,2.1666666666666665,1.95,1521.7135421467292,0,1,1
446,4.9944444444444445,3.45,1526.7079865911737,0.16666666666666666,1.6666666666666667,1
447,1.086111111111111,1.0166666666666666,1527.794097702285,0,1,1
448,5.45,4.283333333333333,1533.244097702285,0.16666666666666666,1.5,1
449,3.016666666666666,2.75,1536.2607643689516,0,1,1
450,1.5916666666666668,1.3833333333333333,1537.8524310356183,0,1,1
451,1.7222222222222223,1.5833333333333333,1539.5746532578405,0,1,1
452,1.0055555555555555,0.9833333333333333,1540.580208813396,0,1,1
453,4.222222222222222,4.316666666666666,1544.8024310356182,0,1,1
454,6.3055555555555545,6.85,1551.1079865911738,0.16666666666666666,1.1666666666666667,1
455,1.4333333333333336,1.3333333333333333,1552.5413199245072,0,1,1
456,2.2694444444444444,1.7,1554.8107643689516,0.16666666666666666,1.1666666666666667,1
457,0.9333333333333332,0.9166666666666666,1555.744097702285,0,1,1
458,3.972222222222222,3.1666666666666665,1559.7163199245072,0.16666666666666666,1.1666666666666667,1
459,11.519444444444444,6.016666666666667,1571.2357643689515,0.5,2.5,1
460,1.7805555555555557,1.7166666666666666,1573.0163199245071,0,1,1
461,3.2138888888888886,3.1,1576.230208813396,0,1,1
462,3.8111111111111113,3.7666666666666666,1580.0413199245072,0.16666666666666666,1.1666666666666667,1
463,1.5055555555555555,1.3,1581.5468754800627,0,1,1
464,1.636111111111111,1.5833333333333333,1583.1829865911739,0,1,1
465,1.5916666666666666,1.4666666666666666,1584.7746532578406,0,1,1
466,1.8694444444444447,1.9666666666666666,1586.644097702285,0,1,1
467,1.6722222222222223,1.2166666666666666,1588.3163199245073,0,1,1
468,1.9305555555555554,1.6333333333333333,1590.246875480063,0.16666666666666666,1.1666666666666667,1
469,3.6666666666666665,3.033333333333333,1593.9135421467297,0.16666666666666666,1.1666666666666667,1
470,0.6444444444444444,0.65,1594.557986591174,0,1,1
471,1.2972222222222223,1.1833333333333333,1595.8552088133963,0,1,1
472,1.163888888888889,1.05,1597.019097702285,0,1,1
473,6.063888888888889,4.433333333333334,1603.082986591174,0,1,1
474,4.0055555555555555,3.1166666666666667,1607.0885421467294,0.16666666666666666,1.1666666666666667,1
475,1.05,1,1608.1385421467294,0,1,1
476,3.6861111111111113,2.75,1611.8246532578405,0.16666666666666666,1.1666666666666667,1
477,1.0166666666666666,0.9333333333333333,1612.8413199245072,0,1,1
478,6.955555555555556,5.6,1619.7968754800627,0.16666666666666666,1.1666666666666667,1
479,3.3,3.2333333333333334,1623.0968754800626,0,1,1
480,0.6499999999999999,0.65,1623.7468754800627,0,1,1
481,2.986111111111111,2.716666666666667,1626.7329865911738,0,0.8333333333333334,1
482,1.0638888888888889,0.8333333333333334,1627.7968754800627,0,1,1
483,5.072222222222222,4.783333333333333,1632.869097702285,0.3333333333333333,1.3333333333333333,1
484,1.1416666666666666,1.0333333333333334,1634.0107643689516,0,1,1
485,1.2083333333333335,1.15,1635.219097702285,0,1,1
486,1.5472222222222223,1.5,1636.7663199245071,0,1,1
487,1.1833333333333333,1.0666666666666667,1637.9496532578405,0,1,1
488,4.8388888888888895,4.516666666666667,1642.7885421467295,0,1,1
489,2.5555555555555554,2.1333333333333333,1645.3440977022851,0,1,1
490,1.625,1.35,1646.9690977022851,0,1,1
491,1.8611111111111114,1.7333333333333334,1648.8302088133962,0,1,1
492,1.222222222222222,1,1650.0524310356184,0.16666666666666666,1.1666666666666667,1
493,8.15,2.7,1658.2024310356185,0.3333333333333333,2.6666666666666665,1
494,4.861111111111112,4.116666666666666,1663.0635421467296,0.16666666666666666,1.1666666666666667,1
495,1.211111111111111,1.2333333333333334,1664.2746532578408,0,1,1
496,4.561111111111111,4.45,1668.835764368952,0,1,1
497,1.7722222222222224,1.7666666666666666,1670.607986591174,0,1,1
498,1.633333333333333,1.6166666666666667,1672.2413199245075,0,1,1
499,4.305555555555556,4.2,1676.5468754800631,0.16666666666666666,1.1666666666666667,1
500,1.277777777777778,1.1666666666666667,1677.824653257841,0,1,1
501,7.927777777777778,6.416666666666667,1685.7524310356187,0.3333333333333333,1.3333333333333333,1
502,0.8361111111111111,0.8166666666666667,1686.5885421467299,0,1,1
503,4.305555555555556,2.9,1690.8940977022855,0.16666666666666666,1.5,1
504,5.03888888888889,4.716666666666667,1695.9329865911743,0.16666666666666666,1.1666666666666667,1
505,0.6,0.5666666666666667,1696.5329865911742,0,1,1
506,3.152777777777778,2.316666666666667,1699.685764368952,0.16666666666666666,1.1666666666666667,1
507,1.222222222222222,1.1166666666666667,1700.9079865911742,0,1,1
508,2.1361111111111115,1.9,1703.0440977022854,0,1,1
509,4.375,3.3333333333333335,1707.4190977022854,0.16666666666666666,1.1666666666666667,1
510,1.0611111111111111,1.0166666666666666,1708.4802088133965,0,1,1
511,3.8777777777777778,3.533333333333333,1712.3579865911743,0.16666666666666666,1.3333333333333333,1
512,1.4749999999999999,1.4166666666666667,1713.8329865911742,0,1,1
513,1.375,1.3166666666666667,1715.2079865911742,0,1,1
514,6.383333333333333,2.8666666666666667,1721.5913199245076,0.16666666666666666,1.5,1
515,1.388888888888889,1.3,1722.9802088133965,0,1,1
516,4.722222222222222,4.4,1727.7024310356187,0.16666666666666666,1.1666666666666667,1
517,1.6333333333333335,1.3166666666666667,1729.3357643689521,0.16666666666666666,1.1666666666666667,1
518,8.488888888888889,5.083333333333333,1737.824653257841,0.5,1.5,1
519,2.4972222222222222,2.3833333333333333,1740.3218754800632,0,1,1
520,1.3633333333333335,1.25,1741.6852088133965,0,1,1
521,2.9366666666666665,3.3,1744.6218754800632,0,1,1
522,0.7100000000000001,0.6666666666666666,1745.3318754800632,0,1,1
523,21.349999999999998,4.266666666666667,1766.6818754800631,0.3333333333333333,1.6666666666666667,1
524,3.2138888888888886,2.7666666666666666,1769.895764368952,0,1,1
525,5.216666666666667,4.2,1775.1124310356188,0.3333333333333333,1.3333333333333333,1
526,1.575,1.65,1776.6874310356188,0,1,1
527,2.1638888888888883,2.05,1778.8513199245076,0,1,1
528,1.936666666666667,1.8666666666666667,1780.7879865911743,0,1,1
529,6.963333333333333,7.333333333333333,1787.7513199245077,0.2,1.2,1
530,1.3133333333333332,1.1166666666666667,1789.064653257841,0,1,1
531,3.9249999999999994,4.55,1792.989653257841,0,0.8333333333333334,1
532,2.2527777777777778,2.2,1795.2424310356187,0,1,1
533,4.5249999999999995,4.3,1799.7674310356188,0,1,1
534,2.5733333333333333,2.6166666666666667,1802.340764368952,0,0.8,1
535,1.4033333333333333,1.45,1803.7440977022854,0,1,1
536,2.11,2.0166666666666666,1805.8540977022853,0,1,1
537,1.0366666666666666,0.9833333333333333,1806.890764368952,0,1,1
538,6.008333333333333,5.083333333333333,1812.8990977022854,0.4,1.4,1
539,4.6722222222222225,4.15,1817.5713199245076,0,1,1
540,1.0055555555555555,0.9833333333333333,1818.576875480063,0,1,1
541,1.8875,1.8333333333333333,1820.4643754800632,0,1,1
542,0.2791666666666667,0.23333333333333334,1820.7435421467299,0,1,1
543,3.9083333333333337,2.15,1824.6518754800632,0,1,1
544,6.175,5.25,1830.826875480063,0.25,1.75,1
545,1.1,1.1,1831.926875480063,0,1,1
546,6.5,4.966666666666667,1838.426875480063,0,1,1
547,1.9566666666666666,2.1166666666666667,1840.3835421467297,0,1,1
548,3.0166666666666666,3.1,1843.4002088133964,0.2,1.2,1
549,5.0633333333333335,4.033333333333333,1848.4635421467297,0.2,1.2,1
550,1.0266666666666668,0.9,1849.4902088133963,0,1,1
551,1.7,1.7333333333333334,1851.1902088133963,0,1,1
552,0.73,0.6833333333333333,1851.9202088133964,0,1,1
553,3.1708333333333334,3.3,1855.0910421467297,0,1,1
554,1.0666666666666667,1,1856.1577088133963,0,1,1
555,0.78,0.7666666666666667,1856.9377088133963,0,1,1
556,2.1100000000000003,2.05,1859.0477088133962,0,1,1
557,1.4266666666666665,1.4166666666666665,1860.474375480063,0.2,1.2,1
558,5.866666666666667,6.716666666666667,1866.3410421467295,0,1,1
559,2.3633333333333333,2.3333333333333335,1868.7043754800627,0,1,1
560,3.4266666666666667,3,1872.1310421467294,0.2,1.2,1
561,1.8,1.8166666666666667,1873.9310421467294,0.2,1.2,1
562,0.8833333333333334,0.85,1874.8143754800628,0,1,1
563,12.756666666666666,9.833333333333334,1887.5710421467295,0.4,1.4,1
564,3.013333333333333,2.8,1890.5843754800628,0.2,1.4,1
565,0.9291666666666667,0.8666666666666667,1891.5135421467294,0,1,1
566,4.195833333333334,3.3666666666666667,1895.7093754800628,0.25,1.25,1
567,3.466666666666667,1.8333333333333333,1899.1760421467295,0,1,1
568,3.8666666666666667,2.4166666666666665,1903.042708813396,0,1,1
569,1.2916666666666665,1.1333333333333333,1904.3343754800628,0,1,1
570,1.5416666666666665,1.1333333333333333,1905.8760421467296,0,1,1
571,1.7708333333333335,1.7833333333333334,1907.6468754800628,0,1,1
572,0.6944444444444445,0.6666666666666666,1908.3413199245072,0,1,1
573,3.227777777777778,2.0833333333333335,1911.569097702285,0,1,1
574,4.216666666666667,2.5833333333333335,1915.7857643689517,0,1,1
575,1.972222222222222,1.8833333333333333,1917.757986591174,0,1,1
576,1.8166666666666667,1.55,1919.5746532578405,0,1,1
577,1.288888888888889,1.15,1920.8635421467293,0,1,1
578,3.755555555555555,3.65,1924.6190977022848,0,1,1
579,5.333333333333333,4.8,1929.952431035618,0,1,1
580,0.9499999999999998,0.8166666666666667,1930.902431035618,0,1,1
581,2.0055555555555555,1.9333333333333333,1932.9079865911735,0,1,1
582,2.0555555555555554,2.0833333333333335,1934.9635421467292,0,1,1
583,4.155555555555556,3.6166666666666667,1939.1190977022848,0,1,1
584,4.772222222222222,3.8666666666666667,1943.891319924507,0,1,1
585,1.5055555555555555,1.4,1945.3968754800624,0,1,1
586,6.275,2.7333333333333334,1951.6718754800625,0.5,1.5,1
587,1.461111111111111,1.5166666666666666,1953.1329865911737,0,1,1
588,2.872222222222222,2.9166666666666665,1956.005208813396,0,1,1
589,1.988888888888889,2.066666666666667,1957.9940977022848,0,1,1
590,0.7722222222222223,0.75,1958.766319924507,0,1,1
591,9.094444444444445,5.133333333333334,1967.8607643689513,0,1,1
592,0.6111111111111112,0.6,1968.4718754800624,0,1,1
593,4.322222222222222,4.55,1972.7940977022847,0,1,1
594,4.577777777777778,4.366666666666666,1977.3718754800625,0,1,1
595,3.772222222222222,3.4166666666666665,1981.1440977022846,0,1,1
596,1.488888888888889,1.5833333333333333,1982.6329865911734,0,1,1
597,1.9611111111111112,1.5666666666666667,1984.5940977022847,0,1,1
598,1.8833333333333335,1.7,1986.477431035618,0,1,1
599,3.1666666666666665,2.6666666666666665,1989.6440977022849,0,1,1
600,0.475,0.5,1990.1190977022848,0,1,1