Level Name,Total Arrows,Total States,Solvable per State,Max Len,Min Len,Avg Len,Unused Points,Length Histogram,Solvable Ratio
1,9,4,"[2, 2, 3, 2]",36,2,10.89,2,"{""13"": 1, ""23"": 1, ""36"": 1, ""10"": 1, ""8"": 1, ""2"": 4}",0.25
10,32,8,"[7, 6, 4, 3, 5, 3, 2, 2]",37,2,10.66,234,"{""37"": 2, ""30"": 1, ""28"": 1, ""15"": 1, ""12"": 3, ""13"": 3, ""22"": 1, ""14"": 1, ""16"": 1, ""10"": 1, ""8"": 1, ""5"": 3, ""2"": 7, ""4"": 2, ""3"": 4}",0.125
100,106,29,"[13, 9, 10, 10, 8, 6, 5, 3, 1, 1, 1, 2, 1, 1, 3, 4, 4, 3, 3, 1, 2, 3, 2, 2, 2, 3, 1, 1, 1]",37,2,11.71,481,"{""32"": 2, ""19"": 4, ""12"": 5, ""18"": 2, ""26"": 1, ""27"": 1, ""15"": 4, ""37"": 6, ""25"": 2, ""21"": 2, ""28"": 1, ""22"": 1, ""20"": 3, ""14"": 8, ""13"": 3, ""31"": 1, ""24"": 2, ""17"": 2, ""16"": 1, ""10"": 2, ""8"": 3, ""7"": 1, ""5"": 6, ""6"": 3, ""2"": 31, ""3"": 9}",0.034
101,158,43,"[16, 9, 6, 5, 6, 11, 7, 7, 7, 5, 6, 4, 4, 2, 4, 5, 3, 3, 3, 1, 1, 1, 4, 2, 3, 4, 2, 2, 1, 1, 1, 3, 2, 1, 1, 1, 3, 2, 2, 2, 1, 2, 2]",37,2,12.34,76,"{""31"": 1, ""24"": 2, ""37"": 19, ""27"": 3, ""12"": 5, ""20"": 3, ""15"": 4, ""16"": 4, ""35"": 1, ""18"": 4, ""23"": 4, ""21"": 2, ""19"": 3, ""32"": 1, ""22"": 1, ""25"": 1, ""14"": 4, ""13"": 4, ""10"": 6, ""7"": 9, ""8"": 5, ""9"": 1, ""5"": 4, ""6"": 5, ""2"": 53, ""3"": 7, ""4"": 2}",0.023
102,160,46,"[17, 11, 10, 5, 4, 7, 5, 3, 3, 3, 1, 3, 2, 1, 3, 2, 4, 1, 1, 2, 2, 2, 3, 4, 2, 1, 1, 1, 4, 3, 8, 4, 2, 3, 4, 2, 1, 2, 3, 3, 4, 3, 2, 4, 1, 3]",37,2,12.08,92,"{""37"": 16, ""26"": 3, ""24"": 2, ""12"": 14, ""33"": 2, ""18"": 3, ""28"": 3, ""30"": 2, ""13"": 8, ""35"": 1, ""17"": 6, ""23"": 1, ""14"": 8, ""34"": 1, ""21"": 1, ""16"": 1, ""15"": 1, ""20"": 2, ""10"": 3, ""7"": 2, ""8"": 2, ""11"": 1, ""6"": 3, ""5"": 8, ""2"": 54, ""4"": 8, ""3"": 4}",0.022
103,129,31,"[20, 13, 12, 9, 6, 5, 7, 6, 4, 2, 1, 3, 3, 4, 3, 1, 2, 4, 4, 1, 1, 2, 2, 2, 2, 1, 1, 2, 2, 3, 1]",37,2,12.52,594,"{""28"": 2, ""37"": 14, ""20"": 2, ""18"": 4, ""17"": 2, ""13"": 5, ""23"": 1, ""35"": 1, ""16"": 4, ""32"": 1, ""14"": 6, ""15"": 8, ""21"": 2, ""12"": 4, ""36"": 1, ""26"": 1, ""10"": 8, ""7"": 6, ""9"": 1, ""8"": 3, ""6"": 6, ""5"": 8, ""2"": 29, ""3"": 9, ""4"": 1}",0.032
104,171,51,"[15, 10, 8, 12, 13, 5, 3, 6, 5, 3, 2, 5, 1, 2, 3, 4, 2, 2, 2, 4, 1, 1, 2, 2, 1, 3, 3, 4, 2, 1, 1, 2, 2, 3, 3, 2, 3, 3, 2, 1, 2, 2, 3, 3, 2, 3, 2, 2, 1, 1, 1]",37,2,12.84,108,"{""37"": 19, ""12"": 15, ""28"": 1, ""31"": 5, ""18"": 6, ""14"": 3, ""35"": 1, ""16"": 5, ""33"": 1, ""20"": 3, ""15"": 3, ""13"": 7, ""19"": 2, ""29"": 1, ""24"": 1, ""17"": 2, ""27"": 1, ""30"": 1, ""21"": 2, ""23"": 1, ""25"": 1, ""10"": 3, ""8"": 4, ""9"": 3, ""7"": 9, ""11"": 1, ""5"": 7, ""6"": 4, ""2"": 44, ""4"": 9, ""3"": 6}",0.02
105,99,33,"[15, 9, 6, 3, 4, 4, 2, 2, 4, 3, 1, 3, 2, 1, 1, 4, 3, 2, 2, 1, 3, 2, 2, 1, 2, 3, 3, 2, 3, 3, 1, 1, 1]",37,2,11.57,790,"{""19"": 3, ""37"": 4, ""16"": 6, ""24"": 2, ""23"": 4, ""28"": 2, ""18"": 7, ""20"": 5, ""13"": 2, ""25"": 1, ""22"": 1, ""21"": 1, ""12"": 8, ""14"": 3, ""10"": 4, ""11"": 1, ""6"": 4, ""5"": 3, ""8"": 1, ""7"": 1, ""4"": 5, ""2"": 28, ""3"": 3}",0.03
106,158,43,"[18, 15, 10, 10, 5, 4, 1, 2, 2, 4, 3, 5, 3, 4, 3, 1, 2, 1, 1, 2, 3, 1, 2, 1, 2, 2, 2, 4, 2, 1, 2, 1, 3, 3, 4, 4, 4, 4, 5, 4, 5, 2, 1]",37,2,12.19,99,"{""37"": 14, ""31"": 1, ""15"": 4, ""13"": 7, ""20"": 6, ""34"": 2, ""25"": 1, ""22"": 5, ""14"": 3, ""32"": 1, ""30"": 2, ""27"": 4, ""23"": 5, ""17"": 4, ""12"": 5, ""19"": 1, ""18"": 1, ""16"": 2, ""10"": 1, ""8"": 4, ""9"": 3, ""7"": 7, ""5"": 9, ""6"": 8, ""2"": 42, ""3"": 10, ""4"": 6}",0.023
107,129,29,"[13, 13, 11, 7, 4, 8, 5, 7, 4, 2, 2, 2, 3, 3, 2, 3, 1, 5, 4, 4, 2, 4, 2, 3, 3, 3, 4, 4, 1]",37,2,12.36,614,"{""37"": 11, ""31"": 1, ""19"": 3, ""34"": 1, ""15"": 5, ""12"": 7, ""33"": 3, ""13"": 1, ""16"": 5, ""18"": 2, ""20"": 2, ""26"": 2, ""23"": 3, ""29"": 2, ""14"": 6, ""25"": 1, ""22"": 2, ""21"": 1, ""17"": 2, ""11"": 1, ""9"": 1, ""7"": 3, ""10"": 1, ""8"": 4, ""6"": 5, ""5"": 6, ""2"": 38, ""4"": 3, ""3"": 7}",0.034
108,171,51,"[15, 10, 8, 12, 13, 5, 3, 6, 5, 3, 2, 5, 1, 2, 3, 4, 2, 2, 2, 4, 1, 1, 2, 2, 1, 3, 3, 4, 2, 1, 1, 2, 2, 3, 3, 2, 3, 3, 2, 1, 2, 2, 3, 3, 2, 3, 2, 2, 1, 1, 1]",37,2,12.84,108,"{""37"": 19, ""12"": 15, ""28"": 1, ""31"": 5, ""18"": 6, ""14"": 3, ""35"": 1, ""16"": 5, ""33"": 1, ""20"": 3, ""15"": 3, ""13"": 7, ""19"": 2, ""29"": 1, ""24"": 1, ""17"": 2, ""27"": 1, ""30"": 1, ""21"": 2, ""23"": 1, ""25"": 1, ""10"": 3, ""8"": 4, ""9"": 3, ""7"": 9, ""11"": 1, ""5"": 7, ""6"": 4, ""2"": 44, ""4"": 9, ""3"": 6}",0.02
109,161,48,"[18, 8, 8, 5, 7, 6, 8, 6, 3, 2, 3, 2, 1, 2, 1, 3, 1, 1, 3, 3, 3, 2, 4, 3, 2, 7, 3, 2, 4, 3, 5, 3, 2, 2, 1, 2, 5, 2, 2, 2, 2, 2, 2, 1, 1, 1, 1, 1]",37,2,11.51,647,"{""30"": 3, ""37"": 14, ""34"": 2, ""23"": 2, ""15"": 1, ""25"": 1, ""26"": 1, ""27"": 3, ""14"": 6, ""16"": 5, ""17"": 3, ""28"": 1, ""36"": 2, ""24"": 1, ""21"": 2, ""22"": 1, ""13"": 7, ""12"": 4, ""19"": 1, ""20"": 2, ""35"": 1, ""18"": 1, ""11"": 4, ""10"": 2, ""7"": 3, ""8"": 2, ""9"": 1, ""5"": 5, ""6"": 1, ""4"": 11, ""2"": 59, ""3"": 9}",0.021
11,19,7,"[4, 5, 2, 4, 2, 1, 1]",37,2,11.32,10,"{""13"": 3, ""37"": 1, ""15"": 2, ""12"": 1, ""16"": 1, ""14"": 3, ""11"": 1, ""10"": 1, ""5"": 1, ""4"": 1, ""3"": 1, ""2"": 3}",0.143
110,62,21,"[14, 5, 7, 3, 4, 2, 1, 1, 1, 1, 3, 3, 2, 1, 2, 3, 3, 1, 1, 3, 1]",37,2,12.94,1004,"{""37"": 4, ""25"": 4, ""12"": 3, ""18"": 2, ""21"": 1, ""20"": 1, ""14"": 2, ""31"": 3, ""13"": 5, ""28"": 1, ""23"": 1, ""15"": 2, ""26"": 1, ""16"": 1, ""8"": 3, ""10"": 1, ""7"": 4, ""5"": 3, ""6"": 1, ""2"": 12, ""3"": 3, ""4"": 4}",0.048
111,144,40,"[26, 11, 5, 7, 9, 4, 3, 2, 2, 2, 7, 5, 1, 1, 1, 1, 3, 6, 3, 1, 1, 1, 3, 3, 2, 1, 2, 5, 2, 3, 1, 1, 1, 2, 2, 3, 2, 2, 4, 3]",37,2,11.19,597,"{""12"": 5, ""37"": 9, ""19"": 4, ""17"": 6, ""36"": 1, ""34"": 1, ""25"": 1, ""32"": 2, ""26"": 1, ""14"": 8, ""28"": 2, ""16"": 4, ""13"": 7, ""18"": 2, ""29"": 2, ""22"": 1, ""24"": 1, ""20"": 5, ""15"": 1, ""11"": 4, ""10"": 1, ""9"": 1, ""8"": 1, ""7"": 5, ""5"": 7, ""2"": 53, ""4"": 4, ""3"": 5}",0.025
112,174,49,"[25, 17, 14, 6, 4, 3, 6, 4, 3, 2, 1, 1, 2, 2, 2, 2, 2, 3, 3, 1, 2, 1, 1, 3, 2, 4, 4, 4, 2, 2, 1, 2, 4, 1, 1, 1, 4, 5, 5, 4, 2, 1, 1, 1, 1, 2, 3, 4, 3]",37,2,12.57,116,"{""37"": 20, ""32"": 1, ""12"": 15, ""33"": 1, ""23"": 2, ""27"": 4, ""29"": 2, ""22"": 2, ""16"": 3, ""34"": 1, ""36"": 1, ""28"": 1, ""18"": 2, ""30"": 2, ""25"": 2, ""14"": 5, ""15"": 3, ""21"": 2, ""24"": 1, ""19"": 2, ""13"": 3, ""20"": 1, ""10"": 4, ""11"": 4, ""8"": 3, ""7"": 1, ""6"": 8, ""5"": 10, ""4"": 11, ""3"": 6, ""2"": 51}",0.02
113,154,41,"[21, 14, 13, 7, 5, 3, 3, 5, 5, 5, 7, 3, 2, 3, 4, 4, 4, 3, 2, 5, 2, 2, 5, 1, 1, 2, 2, 1, 1, 1, 2, 2, 2, 1, 2, 1, 1, 3, 2, 1, 1]",37,2,11.95,659,"{""22"": 5, ""37"": 8, ""25"": 3, ""29"": 4, ""21"": 3, ""32"": 4, ""34"": 2, ""13"": 4, ""18"": 2, ""15"": 4, ""27"": 3, ""16"": 2, ""30"": 2, ""23"": 2, ""20"": 2, ""31"": 1, ""12"": 6, ""36"": 1, ""14"": 2, ""17"": 3, ""11"": 5, ""7"": 3, ""10"": 2, ""8"": 4, ""6"": 9, ""5"": 8, ""2"": 48, ""3"": 6, ""4"": 6}",0.024
114,194,61,"[22, 9, 4, 4, 8, 5, 4, 3, 2, 5, 4, 2, 3, 3, 1, 1, 2, 1, 1, 1, 1, 4, 4, 6, 8, 4, 3, 5, 3, 3, 3, 2, 1, 1, 2, 2, 2, 1, 3, 3, 1, 3, 4, 2, 4, 3, 1, 1, 2, 4, 1, 3, 4, 4, 2, 2, 2, 2, 1, 1, 1]",37,2,12.23,127,"{""37"": 19, ""24"": 3, ""29"": 2, ""19"": 4, ""17"": 2, ""27"": 3, ""35"": 1, ""32"": 1, ""23"": 2, ""31"": 2, ""18"": 6, ""14"": 8, ""12"": 11, ""36"": 1, ""34"": 1, ""15"": 5, ""13"": 3, ""16"": 5, ""26"": 1, ""28"": 3, ""20"": 1, ""21"": 1, ""10"": 5, ""11"": 2, ""8"": 6, ""5"": 10, ""7"": 2, ""6"": 7, ""2"": 59, ""3"": 9, ""4"": 9}",0.016
115,63,12,"[15, 10, 9, 3, 2, 2, 4, 6, 3, 4, 4, 1]",37,2,12.62,1230,"{""36"": 1, ""37"": 5, ""15"": 2, ""34"": 1, ""17"": 4, ""29"": 2, ""21"": 1, ""35"": 1, ""18"": 2, ""13"": 5, ""16"": 2, ""22"": 1, ""14"": 2, ""12"": 2, ""7"": 2, ""8"": 4, ""5"": 4, ""6"": 1, ""3"": 5, ""2"": 15, ""4"": 1}",0.083
116,145,52,"[18, 7, 4, 6, 4, 6, 4, 2, 3, 2, 2, 3, 2, 1, 1, 4, 2, 2, 2, 1, 2, 2, 2, 1, 6, 2, 1, 2, 1, 2, 3, 2, 4, 4, 2, 2, 1, 1, 2, 1, 3, 1, 2, 1, 1, 1, 2, 2, 5, 4, 3, 1]",37,2,11.78,596,"{""37"": 10, ""24"": 1, ""26"": 3, ""21"": 2, ""27"": 1, ""23"": 2, ""18"": 6, ""13"": 8, ""14"": 4, ""20"": 3, ""22"": 1, ""28"": 3, ""29"": 1, ""19"": 2, ""16"": 4, ""15"": 3, ""17"": 3, ""31"": 1, ""25"": 1, ""12"": 7, ""10"": 3, ""11"": 3, ""8"": 6, ""7"": 1, ""6"": 4, ""5"": 9, ""9"": 1, ""2"": 39, ""3"": 6, ""4"": 7}",0.019
117,185,64,"[19, 10, 6, 6, 8, 5, 2, 3, 2, 2, 1, 2, 2, 1, 6, 5, 3, 3, 2, 2, 1, 3, 3, 2, 2, 1, 2, 2, 3, 3, 3, 1, 2, 2, 1, 2, 2, 2, 3, 3, 2, 1, 1, 1, 2, 1, 2, 1, 3, 4, 5, 3, 3, 2, 1, 2, 2, 2, 3, 3, 3, 2, 2, 1]",37,2,12.92,110,"{""37"": 16, ""29"": 1, ""24"": 2, ""21"": 1, ""15"": 7, ""22"": 3, ""25"": 4, ""20"": 5, ""28"": 3, ""23"": 1, ""12"": 15, ""16"": 3, ""35"": 2, ""13"": 6, ""14"": 8, ""18"": 5, ""19"": 2, ""34"": 1, ""31"": 2, ""36"": 1, ""33"": 1, ""17"": 5, ""11"": 2, ""10"": 3, ""9"": 3, ""7"": 6, ""8"": 5, ""5"": 3, ""2"": 45, ""6"": 3, ""3"": 12, ""4"": 9}",0.016
118,155,37,"[15, 14, 10, 11, 9, 6, 6, 4, 5, 6, 4, 1, 2, 4, 3, 4, 3, 1, 1, 2, 3, 3, 5, 4, 2, 4, 3, 3, 4, 2, 1, 1, 1, 1, 3, 2, 2]",37,2,11.79,672,"{""37"": 12, ""16"": 5, ""29"": 1, ""28"": 1, ""20"": 5, ""12"": 9, ""23"": 1, ""30"": 2, ""21"": 4, ""27"": 1, ""31"": 2, ""33"": 1, ""35"": 1, ""18"": 4, ""14"": 7, ""34"": 1, ""17"": 3, ""13"": 7, ""15"": 2, ""11"": 3, ""8"": 5, ""7"": 9, ""9"": 1, ""6"": 2, ""5"": 12, ""2"": 44, ""3"": 6, ""4"": 4}",0.027
119,194,61,"[22, 9, 4, 4, 8, 5, 4, 3, 2, 5, 4, 2, 3, 3, 1, 1, 2, 1, 1, 1, 1, 4, 4, 6, 8, 4, 3, 5, 3, 3, 3, 2, 1, 1, 2, 2, 2, 1, 3, 3, 1, 3, 4, 2, 4, 3, 1, 1, 2, 4, 1, 3, 4, 4, 2, 2, 2, 2, 1, 1, 1]",37,2,12.23,127,"{""37"": 19, ""24"": 3, ""29"": 2, ""19"": 4, ""17"": 2, ""27"": 3, ""35"": 1, ""32"": 1, ""23"": 2, ""31"": 2, ""18"": 6, ""14"": 8, ""12"": 11, ""36"": 1, ""34"": 1, ""15"": 5, ""13"": 3, ""16"": 5, ""26"": 1, ""28"": 3, ""20"": 1, ""21"": 1, ""10"": 5, ""11"": 2, ""8"": 6, ""5"": 10, ""7"": 2, ""6"": 7, ""2"": 59, ""3"": 9, ""4"": 9}",0.016
12,19,12,"[5, 1, 1, 1, 2, 1, 2, 1, 1, 2, 1, 1]",37,2,11.58,80,"{""30"": 1, ""37"": 1, ""20"": 2, ""13"": 1, ""14"": 3, ""17"": 1, ""10"": 1, ""7"": 1, ""6"": 1, ""5"": 1, ""2"": 5, ""3"": 1}",0.083
120,57,17,"[15, 7, 4, 2, 3, 3, 1, 2, 4, 2, 2, 1, 3, 2, 3, 2, 1]",37,2,10.47,492,"{""37"": 4, ""23"": 1, ""13"": 4, ""30"": 1, ""25"": 1, ""12"": 3, ""14"": 2, ""17"": 1, ""22"": 1, ""18"": 1, ""20"": 1, ""15"": 1, ""10"": 2, ""7"": 6, ""8"": 2, ""9"": 1, ""6"": 3, ""5"": 3, ""2"": 16, ""3"": 1, ""4"": 2}",0.059
121,132,42,"[18, 7, 7, 7, 11, 7, 2, 1, 1, 1, 4, 3, 4, 3, 4, 1, 1, 4, 2, 1, 1, 3, 2, 1, 1, 2, 1, 2, 1, 2, 3, 1, 1, 2, 3, 5, 2, 3, 1, 1, 2, 3]",37,2,12.15,77,"{""37"": 12, ""35"": 1, ""14"": 3, ""13"": 3, ""20"": 9, ""18"": 3, ""15"": 5, ""16"": 3, ""17"": 5, ""27"": 1, ""19"": 2, ""26"": 3, ""23"": 1, ""12"": 6, ""22"": 1, ""34"": 1, ""7"": 8, ""8"": 7, ""10"": 3, ""9"": 2, ""5"": 6, ""6"": 2, ""3"": 6, ""2"": 34, ""4"": 5}",0.024
122,134,38,"[8, 7, 6, 3, 6, 3, 4, 5, 3, 2, 3, 2, 1, 3, 3, 4, 6, 3, 5, 6, 2, 2, 3, 4, 2, 1, 1, 1, 3, 1, 5, 4, 5, 6, 6, 3, 1, 1]",37,2,11.99,75,"{""37"": 16, ""33"": 1, ""15"": 3, ""17"": 1, ""36"": 2, ""19"": 2, ""29"": 3, ""16"": 2, ""18"": 3, ""13"": 9, ""14"": 2, ""20"": 2, ""21"": 1, ""12"": 5, ""22"": 1, ""11"": 2, ""10"": 8, ""8"": 1, ""7"": 9, ""9"": 2, ""6"": 4, ""5"": 5, ""2"": 44, ""4"": 2, ""3"": 4}",0.026
123,117,42,"[20, 8, 6, 4, 3, 4, 3, 1, 1, 1, 3, 3, 5, 1, 2, 1, 1, 1, 1, 2, 1, 2, 2, 3, 4, 2, 2, 2, 1, 1, 3, 1, 1, 1, 4, 2, 2, 2, 3, 4, 2, 1]",37,2,13.08,586,"{""37"": 10, ""25"": 3, ""28"": 3, ""27"": 1, ""19"": 3, ""12"": 10, ""17"": 5, ""33"": 3, ""26"": 2, ""29"": 2, ""35"": 1, ""21"": 2, ""13"": 5, ""15"": 2, ""16"": 2, ""32"": 1, ""14"": 1, ""10"": 4, ""11"": 1, ""9"": 2, ""8"": 3, ""7"": 5, ""6"": 3, ""5"": 3, ""2"": 32, ""4"": 4, ""3"": 4}",0.024
124,170,43,"[17, 11, 10, 8, 7, 9, 9, 7, 4, 3, 3, 2, 2, 2, 1, 2, 3, 1, 2, 4, 4, 4, 1, 2, 1, 2, 2, 3, 2, 1, 1, 2, 2, 1, 4, 4, 3, 3, 5, 6, 3, 5, 2]",37,2,11.91,91,"{""37"": 16, ""26"": 1, ""13"": 11, ""16"": 7, ""23"": 3, ""28"": 1, ""22"": 2, ""20"": 1, ""17"": 5, ""32"": 1, ""19"": 4, ""14"": 5, ""24"": 2, ""12"": 6, ""18"": 2, ""15"": 3, ""30"": 2, ""25"": 1, ""27"": 1, ""21"": 1, ""10"": 4, ""7"": 8, ""8"": 9, ""9"": 2, ""6"": 6, ""5"": 7, ""2"": 45, ""4"": 5, ""3"": 9}",0.023
125,51,16,"[8, 3, 4, 3, 3, 3, 5, 2, 3, 2, 3, 2, 2, 3, 2, 3]",37,2,12.02,683,"{""37"": 4, ""26"": 2, ""36"": 1, ""24"": 1, ""25"": 1, ""14"": 3, ""16"": 2, ""13"": 1, ""12"": 2, ""31"": 1, ""28"": 1, ""15"": 1, ""23"": 1, ""17"": 1, ""8"": 3, ""7"": 2, ""5"": 2, ""6"": 1, ""2"": 17, ""4"": 3, ""3"": 1}",0.062
126,118,37,"[14, 7, 6, 2, 3, 3, 2, 3, 2, 2, 1, 2, 1, 1, 3, 3, 2, 4, 6, 3, 3, 1, 3, 4, 3, 2, 4, 5, 2, 5, 7, 3, 1, 1, 1, 2, 1]",37,2,11.76,56,"{""37"": 11, ""19"": 3, ""21"": 1, ""29"": 1, ""20"": 4, ""35"": 1, ""27"": 1, ""30"": 1, ""17"": 3, ""16"": 3, ""13"": 6, ""18"": 1, ""28"": 1, ""12"": 2, ""15"": 4, ""26"": 1, ""14"": 5, ""33"": 1, ""24"": 1, ""10"": 1, ""7"": 5, ""9"": 4, ""8"": 2, ""6"": 4, ""5"": 4, ""2"": 42, ""4"": 2, ""3"": 3}",0.027
127,119,28,"[19, 12, 15, 8, 9, 6, 3, 2, 4, 5, 4, 1, 3, 2, 2, 1, 1, 3, 2, 1, 2, 1, 2, 2, 3, 3, 1, 2]",37,2,11.29,505,"{""37"": 8, ""16"": 2, ""15"": 4, ""26"": 3, ""21"": 1, ""27"": 1, ""23"": 5, ""14"": 3, ""12"": 10, ""19"": 2, ""36"": 1, ""17"": 2, ""18"": 2, ""29"": 1, ""13"": 4, ""20"": 1, ""24"": 1, ""22"": 1, ""9"": 4, ""7"": 5, ""8"": 5, ""5"": 11, ""6"": 2, ""2"": 37, ""4"": 1, ""3"": 2}",0.036
128,139,39,"[18, 10, 9, 6, 4, 3, 6, 2, 2, 3, 5, 5, 2, 5, 3, 2, 3, 4, 5, 1, 1, 2, 1, 1, 1, 1, 2, 2, 4, 3, 5, 4, 3, 2, 2, 3, 2, 1, 1]",37,2,12.63,94,"{""26"": 3, ""37"": 10, ""14"": 12, ""17"": 6, ""24"": 6, ""25"": 1, ""22"": 3, ""21"": 1, ""35"": 1, ""12"": 8, ""20"": 2, ""28"": 2, ""15"": 2, ""30"": 1, ""36"": 1, ""19"": 5, ""16"": 4, ""18"": 1, ""13"": 4, ""10"": 2, ""8"": 2, ""5"": 6, ""9"": 1, ""6"": 6, ""7"": 1, ""4"": 6, ""2"": 39, ""3"": 3}",0.026
129,148,45,"[18, 7, 9, 6, 7, 7, 5, 6, 3, 1, 1, 1, 3, 4, 7, 5, 7, 1, 2, 2, 1, 3, 4, 1, 1, 2, 2, 2, 4, 1, 1, 2, 1, 1, 1, 3, 5, 2, 3, 1, 1, 1, 1, 1, 1]",37,2,11.76,660,"{""37"": 11, ""19"": 3, ""26"": 2, ""29"": 1, ""21"": 5, ""14"": 8, ""32"": 2, ""12"": 7, ""16"": 5, ""27"": 2, ""17"": 2, ""33"": 1, ""15"": 6, ""31"": 2, ""18"": 3, ""20"": 1, ""23"": 1, ""25"": 1, ""13"": 2, ""10"": 3, ""11"": 1, ""7"": 9, ""8"": 1, ""9"": 2, ""5"": 8, ""6"": 6, ""2"": 41, ""4"": 6, ""3"": 6}",0.022
13,21,9,"[4, 2, 2, 3, 1, 2, 4, 2, 1]",37,2,10.38,7,"{""37"": 1, ""12"": 2, ""13"": 1, ""17"": 2, ""19"": 1, ""21"": 1, ""18"": 1, ""14"": 1, ""7"": 2, ""5"": 2, ""2"": 7}",0.111
130,46,15,"[9, 6, 6, 3, 3, 2, 3, 2, 4, 1, 1, 1, 2, 1, 2]",37,2,11.46,562,"{""37"": 4, ""25"": 1, ""15"": 2, ""19"": 2, ""20"": 1, ""22"": 1, ""13"": 2, ""34"": 1, ""14"": 2, ""12"": 3, ""17"": 1, ""11"": 1, ""7"": 2, ""9"": 2, ""5"": 1, ""6"": 2, ""3"": 5, ""2"": 12, ""4"": 1}",0.067
131,90,26,"[12, 9, 9, 3, 5, 3, 3, 3, 1, 2, 2, 6, 1, 1, 3, 4, 3, 4, 2, 2, 1, 1, 2, 3, 4, 1]",37,2,13.82,437,"{""36"": 2, ""37"": 9, ""19"": 4, ""12"": 5, ""14"": 4, ""15"": 2, ""13"": 3, ""34"": 2, ""29"": 1, ""22"": 1, ""18"": 2, ""32"": 1, ""27"": 1, ""30"": 1, ""21"": 1, ""20"": 1, ""25"": 1, ""17"": 3, ""24"": 1, ""11"": 1, ""10"": 1, ""7"": 5, ""8"": 2, ""9"": 1, ""6"": 4, ""5"": 5, ""4"": 4, ""2"": 19, ""3"": 3}",0.038
132,138,31,"[13, 4, 7, 10, 12, 8, 5, 6, 6, 6, 4, 2, 2, 2, 3, 2, 4, 1, 2, 1, 2, 3, 5, 6, 6, 6, 4, 1, 2, 1, 2]",37,2,11.67,71,"{""37"": 13, ""32"": 2, ""16"": 6, ""19"": 3, ""21"": 2, ""25"": 2, ""33"": 1, ""28"": 1, ""12"": 5, ""14"": 6, ""20"": 1, ""26"": 1, ""27"": 1, ""22"": 1, ""18"": 4, ""15"": 2, ""13"": 1, ""17"": 3, ""23"": 1, ""11"": 1, ""10"": 4, ""7"": 4, ""8"": 4, ""6"": 9, ""5"": 10, ""2"": 39, ""4"": 5, ""3"": 6}",0.032
133,136,38,"[18, 11, 10, 6, 5, 5, 5, 4, 2, 1, 1, 1, 2, 1, 3, 5, 4, 5, 3, 2, 1, 2, 1, 2, 5, 3, 1, 1, 2, 2, 2, 3, 3, 2, 3, 3, 3, 3]",37,2,11.2,593,"{""18"": 1, ""37"": 11, ""19"": 1, ""24"": 3, ""23"": 2, ""27"": 2, ""31"": 1, ""28"": 1, ""15"": 6, ""13"": 5, ""22"": 3, ""32"": 2, ""17"": 2, ""21"": 2, ""16"": 4, ""20"": 2, ""30"": 1, ""14"": 3, ""12"": 3, ""8"": 3, ""9"": 3, ""7"": 4, ""6"": 2, ""5"": 9, ""2"": 48, ""4"": 7, ""3"": 5}",0.026
134,156,46,"[15, 8, 6, 4, 5, 3, 5, 3, 4, 6, 4, 5, 4, 2, 5, 4, 3, 3, 2, 4, 3, 5, 4, 2, 3, 2, 2, 2, 1, 2, 2, 1, 1, 1, 1, 1, 1, 4, 4, 1, 1, 2, 3, 4, 5, 3]",37,2,12.86,110,"{""37"": 16, ""24"": 1, ""15"": 1, ""18"": 2, ""27"": 4, ""34"": 1, ""28"": 1, ""13"": 10, ""23"": 3, ""36"": 2, ""22"": 2, ""32"": 1, ""16"": 2, ""20"": 1, ""17"": 4, ""25"": 1, ""33"": 1, ""14"": 4, ""26"": 3, ""19"": 1, ""31"": 1, ""21"": 1, ""12"": 9, ""10"": 5, ""11"": 1, ""8"": 2, ""7"": 7, ""9"": 3, ""6"": 5, ""5"": 6, ""2"": 50, ""3"": 2, ""4"": 3}",0.022
135,50,15,"[13, 5, 4, 5, 5, 1, 2, 1, 1, 2, 2, 2, 1, 1, 5]",37,2,10.08,721,"{""37"": 2, ""26"": 2, ""20"": 1, ""24"": 1, ""29"": 1, ""25"": 1, ""16"": 2, ""21"": 1, ""18"": 1, ""14"": 3, ""23"": 1, ""12"": 2, ""13"": 1, ""11"": 1, ""10"": 2, ""7"": 1, ""5"": 2, ""2"": 17, ""3"": 7, ""4"": 1}",0.067
136,92,32,"[17, 9, 7, 4, 2, 4, 5, 2, 1, 2, 2, 1, 1, 1, 1, 2, 3, 2, 2, 2, 2, 1, 1, 5, 2, 2, 2, 1, 2, 2, 1, 1]",37,2,11.49,387,"{""37"": 8, ""16"": 2, ""27"": 3, ""17"": 2, ""19"": 2, ""22"": 2, ""13"": 4, ""23"": 1, ""26"": 2, ""15"": 5, ""25"": 1, ""12"": 5, ""14"": 4, ""10"": 5, ""8"": 1, ""7"": 1, ""5"": 6, ""6"": 3, ""2"": 29, ""3"": 6}",0.031
137,146,36,"[9, 5, 7, 5, 3, 3, 3, 4, 3, 7, 4, 3, 4, 5, 3, 1, 1, 2, 5, 2, 1, 3, 4, 4, 6, 7, 7, 6, 6, 3, 4, 4, 9, 1, 1, 1]",37,2,12.17,72,"{""37"": 15, ""23"": 3, ""31"": 2, ""27"": 1, ""33"": 2, ""32"": 1, ""21"": 1, ""34"": 1, ""20"": 3, ""25"": 2, ""14"": 4, ""24"": 1, ""18"": 1, ""30"": 1, ""29"": 1, ""36"": 1, ""15"": 4, ""17"": 2, ""12"": 7, ""26"": 1, ""22"": 1, ""16"": 1, ""10"": 3, ""11"": 1, ""9"": 2, ""8"": 6, ""7"": 8, ""6"": 4, ""5"": 9, ""2"": 42, ""3"": 10, ""4"": 5}",0.028
138,116,34,"[18, 10, 8, 7, 8, 6, 7, 4, 2, 1, 3, 3, 3, 5, 3, 1, 1, 1, 1, 1, 1, 1, 2, 2, 3, 1, 1, 2, 2, 2, 1, 1, 2, 2]",37,2,11.67,495,"{""37"": 12, ""20"": 3, ""26"": 2, ""18"": 5, ""21"": 1, ""33"": 1, ""14"": 2, ""12"": 9, ""25"": 1, ""17"": 2, ""22"": 3, ""19"": 1, ""31"": 1, ""13"": 4, ""16"": 1, ""8"": 6, ""10"": 2, ""7"": 9, ""9"": 1, ""5"": 5, ""6"": 1, ""2"": 32, ""3"": 8, ""4"": 4}",0.029
139,197,58,"[22, 11, 6, 7, 6, 2, 3, 3, 2, 5, 3, 3, 2, 3, 2, 1, 1, 1, 4, 3, 2, 5, 4, 2, 1, 1, 5, 2, 5, 5, 6, 4, 4, 5, 2, 5, 3, 2, 2, 1, 2, 2, 3, 2, 2, 2, 4, 3, 2, 1, 1, 1, 1, 5, 3, 2, 3, 2]",37,2,11.68,100,"{""37"": 14, ""33"": 2, ""12"": 10, ""25"": 6, ""13"": 8, ""31"": 2, ""17"": 3, ""20"": 2, ""26"": 2, ""28"": 2, ""14"": 12, ""16"": 6, ""27"": 3, ""30"": 1, ""18"": 4, ""21"": 3, ""15"": 4, ""23"": 1, ""22"": 1, ""19"": 2, ""32"": 1, ""10"": 6, ""7"": 5, ""8"": 4, ""9"": 1, ""6"": 6, ""5"": 7, ""2"": 57, ""4"": 10, ""3"": 12}",0.017
14,38,12,"[8, 5, 6, 4, 4, 2, 2, 3, 1, 1, 1, 1]",37,2,12.18,162,"{""37"": 3, ""15"": 2, ""34"": 2, ""22"": 1, ""18"": 1, ""12"": 3, ""17"": 1, ""13"": 1, ""20"": 1, ""14"": 2, ""16"": 1, ""21"": 1, ""10"": 1, ""7"": 1, ""9"": 1, ""5"": 1, ""2"": 14, ""4"": 1}",0.083
140,35,8,"[11, 7, 6, 3, 1, 3, 2, 2]",37,2,10.94,772,"{""37"": 2, ""33"": 1, ""12"": 4, ""15"": 1, ""14"": 3, ""18"": 2, ""24"": 1, ""13"": 2, ""16"": 1, ""9"": 1, ""7"": 3, ""6"": 1, ""5"": 2, ""2"": 10, ""3"": 1}",0.125
141,126,39,"[14, 13, 9, 9, 9, 6, 3, 2, 1, 2, 1, 1, 1, 1, 2, 3, 1, 1, 2, 1, 2, 2, 1, 2, 2, 7, 2, 3, 1, 1, 1, 2, 3, 4, 3, 2, 3, 2, 1]",37,2,12.19,64,"{""37"": 11, ""31"": 1, ""28"": 3, ""26"": 1, ""18"": 4, ""12"": 5, ""34"": 2, ""36"": 2, ""23"": 1, ""20"": 3, ""22"": 2, ""19"": 3, ""29"": 1, ""24"": 2, ""21"": 2, ""13"": 2, ""16"": 1, ""27"": 1, ""15"": 5, ""14"": 2, ""17"": 1, ""11"": 1, ""10"": 1, ""8"": 2, ""5"": 6, ""6"": 5, ""4"": 6, ""2"": 47, ""3"": 3}",0.026
142,123,31,"[11, 10, 7, 9, 5, 6, 3, 3, 4, 6, 5, 1, 1, 1, 1, 2, 2, 1, 4, 2, 3, 6, 7, 5, 5, 2, 3, 2, 1, 4, 1]",37,2,12.47,66,"{""37"": 12, ""14"": 3, ""29"": 2, ""19"": 3, ""34"": 1, ""32"": 2, ""12"": 4, ""28"": 1, ""15"": 3, ""25"": 1, ""30"": 1, ""17"": 2, ""27"": 2, ""22"": 2, ""13"": 4, ""23"": 3, ""20"": 3, ""24"": 1, ""35"": 1, ""21"": 2, ""11"": 2, ""10"": 3, ""7"": 3, ""8"": 1, ""6"": 4, ""5"": 5, ""2"": 44, ""3"": 5, ""4"": 3}",0.032
143,127,41,"[18, 12, 8, 7, 5, 3, 5, 2, 1, 3, 4, 3, 3, 3, 2, 1, 2, 3, 1, 2, 1, 2, 1, 1, 2, 2, 4, 2, 3, 2, 2, 1, 1, 1, 2, 3, 1, 1, 3, 3, 1]",37,2,12.09,580,"{""28"": 2, ""37"": 8, ""19"": 2, ""31"": 2, ""25"": 1, ""35"": 2, ""22"": 1, ""30"": 1, ""20"": 3, ""21"": 3, ""23"": 1, ""16"": 5, ""12"": 6, ""27"": 1, ""24"": 1, ""29"": 1, ""18"": 3, ""13"": 6, ""26"": 1, ""15"": 4, ""14"": 3, ""10"": 2, ""11"": 2, ""8"": 3, ""7"": 10, ""5"": 11, ""6"": 4, ""2"": 32, ""3"": 4, ""4"": 2}",0.024
144,169,45,"[18, 9, 8, 6, 3, 5, 7, 5, 5, 5, 2, 2, 2, 2, 2, 3, 2, 3, 4, 5, 3, 4, 3, 2, 2, 1, 6, 5, 3, 4, 4, 5, 6, 1, 1, 3, 3, 1, 1, 1, 3, 2, 2, 3, 2]",37,2,11.95,97,"{""22"": 1, ""37"": 20, ""27"": 2, ""35"": 1, ""17"": 2, ""36"": 1, ""25"": 1, ""16"": 3, ""14"": 7, ""30"": 1, ""12"": 13, ""19"": 2, ""31"": 1, ""20"": 3, ""18"": 1, ""28"": 1, ""13"": 9, ""24"": 2, ""15"": 2, ""32"": 1, ""23"": 1, ""10"": 4, ""7"": 2, ""5"": 10, ""9"": 2, ""6"": 1, ""8"": 2, ""2"": 53, ""3"": 14, ""4"": 6}",0.022
145,65,21,"[10, 4, 3, 2, 2, 2, 2, 2, 2, 2, 5, 5, 2, 1, 2, 2, 2, 4, 4, 5, 2]",37,2,10.51,613,"{""19"": 1, ""23"": 1, ""37"": 5, ""24"": 2, ""20"": 1, ""28"": 1, ""16"": 4, ""27"": 1, ""13"": 2, ""14"": 2, ""21"": 1, ""15"": 1, ""17"": 1, ""12"": 1, ""10"": 2, ""7"": 3, ""5"": 6, ""6"": 3, ""2"": 20, ""3"": 7}",0.048
146,110,37,"[12, 10, 10, 5, 6, 4, 4, 3, 1, 1, 1, 2, 3, 3, 2, 2, 1, 1, 4, 1, 4, 2, 1, 2, 2, 2, 1, 1, 2, 1, 1, 3, 2, 3, 3, 3, 1]",37,2,12.55,63,"{""37"": 6, ""28"": 1, ""21"": 4, ""36"": 1, ""29"": 3, ""24"": 2, ""17"": 5, ""19"": 4, ""25"": 1, ""30"": 1, ""32"": 2, ""35"": 1, ""33"": 1, ""34"": 1, ""16"": 2, ""12"": 5, ""18"": 1, ""27"": 1, ""23"": 2, ""13"": 2, ""15"": 1, ""14"": 2, ""10"": 4, ""8"": 3, ""7"": 4, ""9"": 1, ""6"": 2, ""5"": 7, ""3"": 8, ""2"": 29, ""4"": 3}",0.027
147,116,25,"[15, 13, 9, 8, 5, 3, 3, 2, 3, 2, 6, 4, 6, 3, 3, 4, 2, 1, 3, 2, 4, 5, 3, 4, 3]",37,2,11.62,501,"{""37"": 10, ""15"": 4, ""18"": 3, ""26"": 2, ""27"": 1, ""13"": 8, ""35"": 1, ""30"": 2, ""17"": 3, ""19"": 2, ""20"": 2, ""21"": 1, ""36"": 1, ""12"": 5, ""24"": 3, ""22"": 1, ""14"": 1, ""11"": 1, ""10"": 2, ""7"": 5, ""8"": 3, ""9"": 1, ""6"": 3, ""3"": 9, ""2"": 40, ""4"": 2}",0.04
148,139,41,"[22, 14, 6, 9, 4, 5, 7, 8, 3, 4, 2, 1, 2, 2, 2, 1, 2, 1, 1, 4, 3, 1, 1, 2, 3, 1, 1, 1, 3, 2, 1, 5, 1, 1, 2, 3, 2, 1, 1, 2, 2]",37,2,12.76,76,"{""36"": 2, ""37"": 12, ""14"": 6, ""24"": 3, ""20"": 3, ""29"": 1, ""33"": 1, ""17"": 3, ""15"": 4, ""12"": 8, ""34"": 1, ""25"": 1, ""21"": 2, ""16"": 2, ""22"": 2, ""19"": 2, ""13"": 5, ""26"": 1, ""28"": 1, ""23"": 1, ""35"": 1, ""18"": 5, ""10"": 2, ""11"": 1, ""8"": 4, ""7"": 6, ""6"": 7, ""5"": 5, ""2"": 32, ""3"": 6, ""4"": 9}",0.024
149,148,45,"[18, 7, 9, 6, 7, 7, 5, 6, 3, 1, 1, 1, 3, 4, 7, 5, 7, 1, 2, 2, 1, 3, 4, 1, 1, 2, 2, 2, 4, 1, 1, 2, 1, 1, 1, 3, 5, 2, 3, 1, 1, 1, 1, 1, 1]",37,2,11.76,660,"{""37"": 11, ""19"": 3, ""26"": 2, ""29"": 1, ""21"": 5, ""14"": 8, ""32"": 2, ""12"": 7, ""16"": 5, ""27"": 2, ""17"": 2, ""33"": 1, ""15"": 6, ""31"": 2, ""18"": 3, ""20"": 1, ""23"": 1, ""25"": 1, ""13"": 2, ""10"": 3, ""11"": 1, ""7"": 9, ""8"": 1, ""9"": 2, ""5"": 8, ""6"": 6, ""2"": 41, ""4"": 6, ""3"": 6}",0.022
15,48,14,"[6, 4, 2, 5, 4, 4, 6, 5, 3, 3, 1, 2, 2, 1]",37,2,10.35,343,"{""12"": 2, ""37"": 1, ""26"": 1, ""15"": 2, ""23"": 2, ""31"": 1, ""33"": 1, ""18"": 2, ""19"": 1, ""14"": 2, ""29"": 1, ""16"": 2, ""32"": 1, ""10"": 1, ""7"": 1, ""8"": 2, ""5"": 1, ""6"": 2, ""2"": 22}",0.071
150,61,17,"[12, 9, 7, 7, 3, 2, 2, 1, 1, 1, 2, 2, 3, 1, 2, 4, 2]",37,2,11.52,419,"{""37"": 6, ""26"": 1, ""17"": 4, ""28"": 1, ""20"": 1, ""18"": 2, ""12"": 5, ""16"": 1, ""19"": 2, ""13"": 2, ""22"": 1, ""14"": 2, ""10"": 1, ""8"": 1, ""9"": 1, ""5"": 6, ""4"": 3, ""2"": 19, ""3"": 2}",0.059
151,102,27,"[11, 10, 6, 5, 3, 4, 1, 3, 3, 4, 2, 4, 2, 6, 3, 2, 4, 2, 1, 1, 4, 3, 3, 4, 4, 4, 3]",37,2,11.4,437,"{""37"": 10, ""24"": 1, ""19"": 1, ""29"": 2, ""17"": 1, ""18"": 1, ""21"": 2, ""27"": 3, ""16"": 2, ""15"": 3, ""25"": 1, ""22"": 2, ""12"": 5, ""14"": 3, ""13"": 4, ""11"": 3, ""9"": 2, ""8"": 3, ""7"": 5, ""6"": 2, ""5"": 3, ""2"": 34, ""3"": 7, ""4"": 2}",0.037
152,123,39,"[13, 8, 11, 6, 3, 5, 4, 3, 3, 3, 5, 2, 1, 4, 8, 6, 1, 1, 1, 2, 1, 3, 3, 2, 1, 1, 1, 1, 2, 4, 2, 3, 1, 1, 1, 2, 2, 1, 1]",37,2,12.47,66,"{""24"": 4, ""26"": 1, ""12"": 6, ""37"": 12, ""15"": 4, ""17"": 4, ""13"": 7, ""16"": 7, ""33"": 1, ""23"": 1, ""14"": 8, ""18"": 2, ""21"": 2, ""28"": 1, ""29"": 1, ""20"": 1, ""36"": 1, ""11"": 1, ""10"": 3, ""7"": 2, ""5"": 8, ""6"": 3, ""2"": 36, ""3"": 7}",0.026
153,127,41,"[18, 12, 8, 7, 5, 3, 5, 2, 1, 3, 4, 3, 3, 3, 2, 1, 2, 3, 1, 2, 1, 2, 1, 1, 2, 2, 4, 2, 3, 2, 2, 1, 1, 1, 2, 3, 1, 1, 3, 3, 1]",37,2,12.09,580,"{""28"": 2, ""37"": 8, ""19"": 2, ""31"": 2, ""25"": 1, ""35"": 2, ""22"": 1, ""30"": 1, ""20"": 3, ""21"": 3, ""23"": 1, ""16"": 5, ""12"": 6, ""27"": 1, ""24"": 1, ""29"": 1, ""18"": 3, ""13"": 6, ""26"": 1, ""15"": 4, ""14"": 3, ""10"": 2, ""11"": 2, ""8"": 3, ""7"": 10, ""5"": 11, ""6"": 4, ""2"": 32, ""3"": 4, ""4"": 2}",0.024
154,169,45,"[18, 9, 8, 6, 3, 5, 7, 5, 5, 5, 2, 2, 2, 2, 2, 3, 2, 3, 4, 5, 3, 4, 3, 2, 2, 1, 6, 5, 3, 4, 4, 5, 6, 1, 1, 3, 3, 1, 1, 1, 3, 2, 2, 3, 2]",37,2,11.95,97,"{""22"": 1, ""37"": 20, ""27"": 2, ""35"": 1, ""17"": 2, ""36"": 1, ""25"": 1, ""16"": 3, ""14"": 7, ""30"": 1, ""12"": 13, ""19"": 2, ""31"": 1, ""20"": 3, ""18"": 1, ""28"": 1, ""13"": 9, ""24"": 2, ""15"": 2, ""32"": 1, ""23"": 1, ""10"": 4, ""7"": 2, ""5"": 10, ""9"": 2, ""6"": 1, ""8"": 2, ""2"": 53, ""3"": 14, ""4"": 6}",0.022
155,73,24,"[10, 7, 2, 2, 1, 4, 5, 3, 4, 3, 3, 4, 1, 1, 1, 2, 2, 3, 3, 1, 4, 2, 3, 2]",37,2,11.74,439,"{""37"": 5, ""36"": 2, ""26"": 4, ""21"": 2, ""12"": 5, ""20"": 1, ""17"": 1, ""14"": 4, ""18"": 1, ""28"": 1, ""22"": 1, ""13"": 3, ""19"": 1, ""16"": 1, ""15"": 1, ""10"": 3, ""8"": 3, ""9"": 1, ""5"": 3, ""2"": 25, ""3"": 4, ""4"": 1}",0.042
156,94,31,"[14, 10, 8, 3, 3, 2, 2, 3, 1, 2, 3, 2, 3, 4, 4, 4, 2, 1, 1, 1, 2, 1, 1, 1, 3, 4, 2, 2, 2, 2, 1]",37,2,11.26,386,"{""37"": 9, ""14"": 5, ""15"": 2, ""34"": 1, ""24"": 1, ""19"": 4, ""16"": 2, ""33"": 1, ""12"": 3, ""26"": 1, ""18"": 2, ""13"": 6, ""17"": 1, ""20"": 1, ""10"": 1, ""11"": 3, ""7"": 2, ""6"": 4, ""5"": 9, ""2"": 25, ""4"": 4, ""3"": 7}",0.032
157,143,41,"[14, 6, 8, 12, 9, 6, 7, 5, 2, 2, 1, 5, 4, 1, 3, 2, 3, 2, 2, 3, 2, 2, 4, 2, 2, 3, 1, 3, 1, 1, 1, 3, 2, 5, 5, 3, 2, 1, 1, 1, 1]",37,2,12.38,78,"{""37"": 14, ""23"": 3, ""35"": 1, ""32"": 1, ""13"": 9, ""26"": 1, ""33"": 2, ""21"": 3, ""22"": 2, ""27"": 1, ""28"": 2, ""29"": 2, ""15"": 4, ""34"": 1, ""18"": 1, ""19"": 3, ""12"": 9, ""24"": 1, ""17"": 2, ""14"": 1, ""10"": 2, ""11"": 2, ""7"": 4, ""9"": 1, ""8"": 7, ""5"": 7, ""6"": 4, ""2"": 44, ""3"": 7, ""4"": 2}",0.024
158,114,34,"[16, 6, 7, 6, 4, 1, 2, 2, 5, 4, 3, 3, 1, 1, 1, 2, 3, 3, 3, 2, 2, 2, 2, 3, 3, 4, 3, 2, 3, 2, 3, 2, 4, 4]",37,2,11.75,510,"{""26"": 1, ""37"": 7, ""14"": 5, ""29"": 1, ""12"": 9, ""22"": 1, ""15"": 3, ""34"": 2, ""17"": 3, ""16"": 3, ""28"": 3, ""18"": 3, ""30"": 1, ""35"": 1, ""24"": 1, ""32"": 1, ""13"": 2, ""19"": 2, ""21"": 1, ""20"": 1, ""7"": 8, ""8"": 3, ""9"": 1, ""5"": 11, ""6"": 3, ""2"": 27, ""3"": 7, ""4"": 3}",0.029
159,198,46,"[15, 9, 14, 18, 13, 6, 10, 2, 1, 1, 1, 1, 3, 5, 5, 3, 3, 5, 5, 2, 2, 3, 4, 1, 1, 3, 2, 1, 2, 2, 6, 6, 3, 10, 8, 4, 1, 1, 2, 1, 2, 2, 2, 4, 2, 1]",37,2,11.61,103,"{""37"": 17, ""23"": 3, ""26"": 3, ""34"": 3, ""35"": 2, ""19"": 2, ""18"": 5, ""36"": 2, ""14"": 7, ""12"": 11, ""32"": 1, ""15"": 4, ""17"": 2, ""30"": 2, ""25"": 1, ""28"": 1, ""21"": 3, ""13"": 6, ""16"": 3, ""11"": 5, ""10"": 3, ""7"": 8, ""9"": 3, ""8"": 6, ""5"": 12, ""6"": 8, ""2"": 60, ""3"": 12, ""4"": 3}",0.022
16,19,10,"[3, 3, 2, 2, 1, 1, 3, 2, 1, 1]",37,2,11.47,7,"{""16"": 1, ""37"": 1, ""19"": 2, ""12"": 3, ""21"": 1, ""17"": 1, ""18"": 1, ""9"": 1, ""6"": 2, ""2"": 5, ""4"": 1}",0.1
160,43,18,"[8, 3, 4, 3, 4, 3, 2, 1, 1, 2, 2, 3, 2, 1, 1, 1, 1, 1]",37,2,12.19,565,"{""17"": 3, ""27"": 1, ""28"": 2, ""35"": 1, ""37"": 1, ""13"": 1, ""12"": 4, ""16"": 1, ""24"": 1, ""19"": 1, ""30"": 2, ""18"": 1, ""25"": 1, ""9"": 1, ""7"": 2, ""11"": 1, ""10"": 1, ""8"": 1, ""5"": 2, ""2"": 13, ""4"": 1, ""3"": 1}",0.056
161,128,39,"[10, 11, 14, 5, 7, 4, 4, 3, 1, 1, 5, 1, 1, 2, 3, 2, 2, 3, 1, 2, 1, 2, 2, 2, 4, 2, 4, 2, 3, 3, 4, 3, 1, 4, 2, 2, 2, 1, 2]",37,2,11.93,73,"{""36"": 1, ""37"": 9, ""27"": 1, ""29"": 1, ""32"": 1, ""15"": 5, ""21"": 3, ""33"": 1, ""19"": 4, ""25"": 3, ""14"": 5, ""16"": 1, ""17"": 2, ""35"": 1, ""13"": 6, ""23"": 2, ""20"": 2, ""30"": 1, ""12"": 4, ""18"": 3, ""31"": 1, ""28"": 1, ""10"": 2, ""9"": 2, ""8"": 1, ""7"": 3, ""6"": 4, ""5"": 5, ""4"": 8, ""2"": 45}",0.026
162,133,45,"[14, 11, 9, 10, 6, 6, 3, 2, 1, 1, 3, 2, 2, 1, 1, 1, 1, 4, 3, 1, 1, 2, 3, 1, 2, 3, 1, 1, 2, 1, 3, 1, 2, 3, 6, 1, 2, 3, 3, 1, 2, 3, 2, 1, 1]",37,2,11.48,73,"{""37"": 11, ""35"": 1, ""12"": 7, ""13"": 10, ""23"": 3, ""24"": 1, ""25"": 1, ""17"": 2, ""29"": 2, ""15"": 2, ""18"": 3, ""28"": 1, ""21"": 2, ""14"": 5, ""19"": 1, ""16"": 3, ""31"": 1, ""20"": 2, ""30"": 1, ""22"": 1, ""10"": 1, ""7"": 2, ""8"": 1, ""9"": 2, ""6"": 4, ""5"": 8, ""2"": 38, ""3"": 11, ""4"": 6}",0.022
163,128,33,"[16, 12, 10, 8, 5, 6, 5, 6, 1, 1, 2, 3, 3, 3, 5, 2, 1, 1, 1, 3, 1, 3, 4, 5, 2, 3, 3, 1, 2, 3, 2, 4, 1]",37,2,11.96,585,"{""37"": 11, ""29"": 4, ""19"": 2, ""21"": 2, ""14"": 3, ""24"": 1, ""26"": 2, ""12"": 16, ""30"": 2, ""18"": 1, ""16"": 2, ""15"": 1, ""13"": 3, ""27"": 1, ""28"": 1, ""34"": 1, ""33"": 1, ""17"": 2, ""10"": 4, ""7"": 11, ""8"": 5, ""9"": 1, ""5"": 4, ""6"": 2, ""2"": 36, ""3"": 8, ""4"": 1}",0.03
164,169,48,"[20, 9, 7, 7, 5, 7, 7, 11, 7, 12, 4, 3, 2, 1, 1, 2, 3, 4, 1, 3, 2, 1, 2, 2, 3, 3, 2, 1, 1, 1, 3, 1, 1, 1, 2, 4, 2, 1, 1, 3, 3, 3, 3, 2, 1, 1, 1, 2]",37,2,11.85,113,"{""22"": 1, ""37"": 15, ""16"": 2, ""36"": 1, ""28"": 1, ""24"": 2, ""20"": 3, ""33"": 1, ""13"": 6, ""29"": 2, ""23"": 3, ""26"": 2, ""35"": 1, ""32"": 1, ""19"": 1, ""17"": 5, ""14"": 7, ""15"": 5, ""18"": 3, ""21"": 1, ""34"": 2, ""12"": 7, ""25"": 1, ""10"": 3, ""8"": 5, ""9"": 1, ""7"": 5, ""6"": 7, ""5"": 3, ""2"": 57, ""4"": 6, ""3"": 9}",0.021
165,50,20,"[9, 7, 1, 1, 2, 2, 1, 1, 1, 1, 1, 2, 2, 1, 3, 3, 3, 2, 5, 2]",37,2,12.38,749,"{""15"": 2, ""37"": 4, ""14"": 4, ""20"": 1, ""27"": 1, ""26"": 1, ""24"": 1, ""12"": 3, ""16"": 2, ""19"": 3, ""17"": 1, ""21"": 1, ""13"": 1, ""11"": 1, ""10"": 1, ""8"": 2, ""9"": 1, ""6"": 1, ""5"": 4, ""3"": 4, ""4"": 3, ""2"": 8}",0.05
166,111,34,"[14, 8, 4, 3, 6, 7, 2, 5, 3, 3, 1, 1, 2, 3, 2, 3, 5, 5, 4, 3, 1, 2, 2, 2, 1, 2, 1, 3, 3, 2, 2, 3, 1, 2]",37,2,12.46,61,"{""34"": 1, ""19"": 2, ""37"": 11, ""36"": 1, ""25"": 2, ""24"": 2, ""22"": 2, ""35"": 1, ""17"": 4, ""32"": 2, ""16"": 2, ""20"": 2, ""12"": 6, ""14"": 5, ""23"": 1, ""26"": 2, ""15"": 1, ""18"": 2, ""10"": 4, ""11"": 1, ""8"": 3, ""7"": 1, ""6"": 1, ""5"": 4, ""2"": 36, ""4"": 3, ""3"": 9}",0.029
167,106,25,"[14, 7, 7, 7, 8, 5, 8, 3, 3, 3, 4, 6, 2, 2, 4, 1, 2, 1, 4, 4, 3, 2, 2, 3, 1]",37,2,12.66,507,"{""14"": 4, ""37"": 11, ""27"": 2, ""31"": 3, ""12"": 5, ""25"": 1, ""18"": 1, ""21"": 4, ""33"": 1, ""29"": 1, ""17"": 2, ""16"": 2, ""32"": 1, ""13"": 2, ""15"": 6, ""10"": 2, ""11"": 1, ""7"": 7, ""8"": 5, ""9"": 2, ""5"": 6, ""6"": 4, ""3"": 3, ""2"": 26, ""4"": 4}",0.04
168,136,46,"[12, 9, 10, 7, 1, 1, 2, 3, 3, 3, 4, 5, 4, 4, 1, 2, 1, 1, 2, 2, 3, 3, 1, 2, 1, 4, 1, 1, 1, 2, 3, 2, 1, 2, 3, 2, 2, 3, 7, 4, 3, 1, 3, 1, 1, 2]",37,2,12.99,82,"{""24"": 3, ""37"": 15, ""29"": 1, ""18"": 6, ""19"": 2, ""21"": 2, ""28"": 3, ""16"": 5, ""25"": 2, ""14"": 5, ""20"": 2, ""35"": 1, ""12"": 4, ""31"": 1, ""15"": 4, ""17"": 1, ""32"": 1, ""22"": 1, ""13"": 6, ""11"": 2, ""7"": 6, ""8"": 5, ""9"": 2, ""5"": 5, ""6"": 2, ""4"": 5, ""3"": 9, ""2"": 35}",0.022
169,146,56,"[15, 8, 4, 3, 2, 2, 2, 1, 1, 1, 3, 3, 4, 2, 1, 2, 3, 3, 3, 1, 4, 2, 1, 1, 1, 2, 4, 3, 5, 5, 4, 3, 1, 2, 3, 3, 3, 2, 1, 1, 1, 3, 1, 1, 1, 1, 3, 4, 1, 2, 2, 5, 3, 1, 1, 1]",37,2,11.82,676,"{""37"": 10, ""35"": 1, ""12"": 6, ""24"": 2, ""18"": 2, ""15"": 9, ""31"": 5, ""21"": 3, ""19"": 4, ""16"": 3, ""29"": 2, ""27"": 1, ""23"": 1, ""26"": 1, ""28"": 1, ""36"": 1, ""14"": 10, ""17"": 2, ""13"": 1, ""10"": 4, ""11"": 3, ""8"": 3, ""7"": 6, ""5"": 6, ""2"": 50, ""4"": 6, ""3"": 3}",0.018
17,23,6,"[5, 3, 6, 3, 3, 3]",22,2,9.52,81,"{""21"": 1, ""22"": 3, ""15"": 1, ""18"": 1, ""12"": 1, ""8"": 3, ""7"": 5, ""5"": 3, ""3"": 1, ""2"": 3, ""4"": 1}",0.167
170,36,14,"[10, 3, 4, 1, 1, 2, 2, 3, 1, 2, 2, 2, 1, 2]",37,2,11.44,516,"{""18"": 1, ""37"": 1, ""24"": 1, ""13"": 1, ""19"": 1, ""21"": 2, ""20"": 1, ""17"": 1, ""30"": 1, ""22"": 1, ""31"": 1, ""12"": 1, ""14"": 1, ""15"": 2, ""10"": 1, ""7"": 1, ""8"": 1, ""6"": 3, ""5"": 4, ""2"": 10}",0.071
171,100,35,"[15, 6, 5, 5, 4, 4, 5, 1, 2, 2, 1, 1, 1, 2, 1, 1, 2, 4, 4, 3, 1, 1, 2, 2, 2, 2, 2, 2, 2, 1, 3, 2, 3, 3, 3]",37,2,11.58,442,"{""37"": 7, ""14"": 4, ""12"": 9, ""21"": 4, ""28"": 1, ""31"": 1, ""26"": 1, ""24"": 2, ""17"": 1, ""20"": 1, ""13"": 5, ""18"": 2, ""16"": 2, ""15"": 3, ""33"": 1, ""19"": 2, ""27"": 1, ""23"": 1, ""10"": 1, ""7"": 5, ""5"": 5, ""6"": 5, ""2"": 29, ""3"": 4, ""4"": 3}",0.029
172,119,41,"[15, 8, 5, 4, 4, 3, 4, 3, 2, 3, 3, 3, 4, 4, 3, 1, 1, 2, 3, 1, 1, 1, 2, 3, 2, 2, 2, 2, 2, 1, 1, 2, 1, 3, 5, 4, 1, 2, 2, 2, 2]",37,2,12.78,79,"{""15"": 4, ""37"": 12, ""17"": 2, ""12"": 6, ""21"": 3, ""34"": 2, ""23"": 2, ""28"": 1, ""22"": 2, ""25"": 1, ""19"": 4, ""26"": 2, ""13"": 2, ""14"": 4, ""36"": 1, ""29"": 1, ""24"": 1, ""16"": 2, ""20"": 2, ""11"": 2, ""8"": 4, ""7"": 5, ""9"": 1, ""6"": 6, ""5"": 7, ""2"": 26, ""4"": 3, ""3"": 11}",0.024
173,124,30,"[16, 6, 7, 7, 8, 7, 5, 5, 4, 3, 5, 1, 2, 1, 1, 1, 3, 3, 3, 8, 6, 2, 2, 4, 4, 2, 3, 3, 1, 1]",37,2,12.31,589,"{""37"": 15, ""16"": 4, ""25"": 3, ""13"": 6, ""15"": 3, ""19"": 2, ""28"": 1, ""18"": 3, ""29"": 1, ""22"": 1, ""24"": 2, ""31"": 1, ""14"": 2, ""12"": 6, ""20"": 1, ""17"": 2, ""21"": 1, ""10"": 2, ""7"": 7, ""8"": 5, ""11"": 1, ""9"": 1, ""5"": 9, ""6"": 2, ""2"": 34, ""3"": 5, ""4"": 4}",0.033
174,156,38,"[16, 8, 10, 9, 6, 4, 2, 4, 4, 2, 3, 6, 2, 3, 3, 3, 4, 6, 8, 4, 7, 5, 6, 3, 3, 1, 2, 1, 1, 2, 2, 3, 1, 1, 3, 4, 3, 1]",37,2,13.03,84,"{""37"": 18, ""22"": 3, ""36"": 1, ""27"": 1, ""15"": 5, ""29"": 1, ""18"": 4, ""28"": 2, ""19"": 3, ""14"": 1, ""20"": 3, ""34"": 2, ""12"": 10, ""21"": 3, ""16"": 3, ""17"": 3, ""13"": 7, ""32"": 1, ""26"": 1, ""33"": 1, ""25"": 1, ""11"": 2, ""10"": 2, ""7"": 7, ""8"": 3, ""9"": 3, ""5"": 9, ""6"": 1, ""2"": 47, ""4"": 6, ""3"": 2}",0.026
175,51,13,"[12, 9, 8, 5, 6, 1, 1, 1, 2, 2, 2, 1, 1]",37,2,10.35,768,"{""37"": 3, ""24"": 1, ""31"": 1, ""23"": 1, ""12"": 2, ""15"": 1, ""18"": 2, ""13"": 1, ""22"": 1, ""21"": 2, ""17"": 1, ""14"": 2, ""16"": 1, ""10"": 2, ""7"": 3, ""6"": 3, ""5"": 4, ""2"": 15, ""4"": 2, ""3"": 3}",0.077
176,86,27,"[9, 4, 7, 4, 3, 3, 2, 1, 3, 1, 4, 2, 3, 1, 3, 2, 2, 2, 3, 4, 3, 3, 4, 4, 4, 4, 1]",37,2,12.38,379,"{""37"": 11, ""23"": 2, ""12"": 4, ""17"": 3, ""30"": 2, ""15"": 4, ""14"": 2, ""18"": 1, ""25"": 1, ""24"": 1, ""13"": 2, ""26"": 1, ""16"": 3, ""27"": 1, ""10"": 2, ""7"": 3, ""6"": 4, ""8"": 1, ""5"": 5, ""2"": 28, ""4"": 2, ""3"": 3}",0.037
177,132,39,"[9, 10, 12, 12, 9, 3, 1, 1, 2, 3, 5, 4, 3, 2, 3, 1, 1, 1, 4, 2, 3, 5, 3, 2, 1, 2, 4, 2, 2, 1, 4, 3, 3, 3, 2, 1, 1, 1, 1]",37,2,13.2,106,"{""37"": 16, ""19"": 2, ""13"": 12, ""30"": 2, ""22"": 2, ""33"": 1, ""28"": 2, ""27"": 1, ""14"": 3, ""17"": 3, ""31"": 2, ""12"": 6, ""23"": 1, ""18"": 2, ""16"": 3, ""15"": 2, ""20"": 3, ""25"": 1, ""29"": 1, ""8"": 5, ""7"": 5, ""11"": 1, ""9"": 2, ""5"": 5, ""6"": 3, ""2"": 33, ""3"": 6, ""4"": 7}",0.026
178,111,30,"[15, 11, 6, 7, 3, 4, 3, 5, 5, 2, 2, 2, 4, 2, 2, 2, 1, 2, 1, 2, 3, 1, 3, 3, 4, 4, 5, 2, 3, 2]",37,2,12.04,513,"{""34"": 1, ""37"": 8, ""21"": 3, ""27"": 4, ""14"": 4, ""26"": 1, ""20"": 1, ""15"": 5, ""24"": 1, ""12"": 10, ""29"": 1, ""13"": 7, ""17"": 2, ""32"": 1, ""25"": 1, ""16"": 4, ""18"": 1, ""23"": 1, ""10"": 1, ""7"": 6, ""8"": 3, ""5"": 6, ""6"": 1, ""2"": 31, ""3"": 4, ""4"": 3}",0.033
179,195,51,"[19, 8, 12, 8, 5, 3, 7, 8, 6, 2, 1, 2, 3, 4, 1, 1, 3, 2, 5, 3, 2, 1, 2, 7, 10, 6, 3, 2, 2, 2, 3, 3, 2, 2, 1, 1, 1, 3, 2, 3, 4, 10, 4, 5, 4, 2, 1, 1, 1, 1, 1]",37,2,11.78,103,"{""37"": 18, ""18"": 2, ""35"": 1, ""25"": 6, ""14"": 10, ""13"": 9, ""29"": 1, ""34"": 2, ""21"": 1, ""15"": 1, ""22"": 2, ""16"": 4, ""36"": 2, ""19"": 4, ""33"": 1, ""17"": 4, ""12"": 6, ""27"": 1, ""28"": 1, ""26"": 1, ""20"": 1, ""24"": 1, ""23"": 2, ""11"": 4, ""10"": 4, ""7"": 3, ""8"": 4, ""9"": 3, ""5"": 6, ""6"": 5, ""2"": 66, ""3"": 11, ""4"": 8}",0.02
18,22,10,"[4, 3, 3, 3, 3, 1, 1, 2, 1, 1]",15,2,9.86,8,"{""15"": 8, ""10"": 1, ""13"": 1, ""7"": 1, ""12"": 2, ""9"": 1, ""5"": 1, ""11"": 1, ""4"": 1, ""3"": 4, ""2"": 1}",0.1
180,83,27,"[10, 4, 5, 3, 4, 3, 3, 1, 3, 3, 5, 4, 3, 2, 4, 3, 3, 2, 3, 3, 2, 1, 1, 2, 3, 2, 1]",37,2,9.93,298,"{""13"": 2, ""33"": 1, ""37"": 4, ""35"": 1, ""19"": 3, ""18"": 2, ""17"": 1, ""21"": 2, ""12"": 7, ""14"": 5, ""31"": 2, ""15"": 3, ""28"": 1, ""7"": 2, ""5"": 5, ""2"": 30, ""4"": 6, ""3"": 6}",0.037
181,122,35,"[12, 6, 6, 5, 5, 7, 10, 9, 6, 4, 5, 2, 1, 1, 2, 1, 3, 7, 3, 1, 1, 3, 1, 3, 2, 1, 1, 2, 2, 2, 1, 4, 1, 1, 1]",37,2,12.59,64,"{""30"": 2, ""37"": 15, ""28"": 2, ""12"": 10, ""21"": 1, ""17"": 3, ""15"": 4, ""34"": 2, ""14"": 6, ""20"": 2, ""32"": 1, ""23"": 1, ""13"": 4, ""24"": 1, ""27"": 1, ""11"": 3, ""10"": 3, ""8"": 3, ""7"": 3, ""6"": 6, ""5"": 4, ""2"": 39, ""4"": 3, ""3"": 3}",0.029
182,121,35,"[15, 11, 5, 8, 9, 5, 6, 6, 2, 2, 2, 1, 1, 1, 2, 1, 1, 1, 1, 1, 1, 1, 1, 2, 2, 3, 3, 3, 2, 2, 4, 6, 6, 3, 1]",37,2,12.65,69,"{""37"": 10, ""28"": 1, ""16"": 2, ""23"": 1, ""12"": 3, ""25"": 1, ""24"": 3, ""13"": 5, ""21"": 3, ""36"": 2, ""15"": 4, ""30"": 2, ""29"": 2, ""14"": 6, ""22"": 1, ""35"": 1, ""34"": 1, ""20"": 1, ""19"": 3, ""26"": 1, ""10"": 4, ""8"": 5, ""7"": 6, ""11"": 1, ""5"": 5, ""6"": 5, ""4"": 8, ""2"": 33, ""3"": 1}",0.029
183,123,30,"[17, 7, 6, 7, 9, 8, 4, 2, 3, 5, 4, 3, 2, 4, 3, 6, 4, 4, 1, 1, 3, 2, 1, 1, 2, 4, 5, 3, 1, 1]",37,2,12.44,586,"{""18"": 3, ""13"": 7, ""36"": 2, ""37"": 12, ""21"": 4, ""35"": 1, ""19"": 3, ""30"": 1, ""27"": 2, ""17"": 1, ""23"": 2, ""32"": 1, ""20"": 1, ""16"": 1, ""25"": 1, ""12"": 6, ""14"": 5, ""15"": 4, ""10"": 2, ""11"": 1, ""7"": 3, ""8"": 3, ""6"": 8, ""5"": 6, ""2"": 35, ""3"": 5, ""4"": 3}",0.033
184,156,38,"[16, 8, 10, 9, 6, 4, 2, 4, 4, 2, 3, 6, 2, 3, 3, 3, 4, 6, 8, 4, 7, 5, 6, 3, 3, 1, 2, 1, 1, 2, 2, 3, 1, 1, 3, 4, 3, 1]",37,2,13.03,84,"{""37"": 18, ""22"": 3, ""36"": 1, ""27"": 1, ""15"": 5, ""29"": 1, ""18"": 4, ""28"": 2, ""19"": 3, ""14"": 1, ""20"": 3, ""34"": 2, ""12"": 10, ""21"": 3, ""16"": 3, ""17"": 3, ""13"": 7, ""32"": 1, ""26"": 1, ""33"": 1, ""25"": 1, ""11"": 2, ""10"": 2, ""7"": 7, ""8"": 3, ""9"": 3, ""5"": 9, ""6"": 1, ""2"": 47, ""4"": 6, ""3"": 2}",0.026
185,56,21,"[11, 6, 3, 3, 3, 5, 2, 2, 1, 1, 1, 2, 1, 2, 3, 2, 2, 1, 1, 2, 2]",37,2,10.84,689,"{""37"": 4, ""15"": 1, ""13"": 2, ""17"": 2, ""12"": 5, ""19"": 1, ""26"": 1, ""14"": 3, ""22"": 1, ""29"": 1, ""31"": 1, ""20"": 1, ""23"": 1, ""11"": 1, ""7"": 3, ""9"": 1, ""5"": 2, ""2"": 16, ""3"": 7, ""4"": 2}",0.048
186,102,38,"[14, 10, 10, 2, 2, 2, 1, 1, 3, 4, 3, 1, 3, 2, 1, 1, 1, 1, 1, 3, 4, 2, 1, 1, 1, 1, 3, 2, 2, 2, 2, 3, 1, 3, 3, 2, 2, 1]",37,2,13.47,70,"{""32"": 1, ""15"": 5, ""28"": 2, ""37"": 10, ""13"": 1, ""21"": 4, ""25"": 1, ""14"": 4, ""12"": 12, ""22"": 1, ""26"": 1, ""18"": 2, ""23"": 1, ""16"": 3, ""30"": 1, ""35"": 1, ""17"": 2, ""19"": 2, ""20"": 1, ""10"": 4, ""8"": 5, ""7"": 3, ""9"": 2, ""6"": 1, ""5"": 4, ""2"": 22, ""3"": 6}",0.026
187,112,37,"[12, 5, 5, 4, 4, 2, 2, 2, 3, 2, 5, 4, 3, 2, 4, 6, 3, 2, 2, 3, 2, 2, 2, 1, 2, 5, 2, 2, 4, 4, 1, 1, 2, 3, 1, 2, 1]",37,2,12.01,504,"{""15"": 3, ""37"": 11, ""20"": 5, ""13"": 3, ""22"": 1, ""33"": 1, ""17"": 3, ""28"": 3, ""12"": 7, ""23"": 3, ""14"": 4, ""24"": 1, ""29"": 1, ""18"": 1, ""19"": 1, ""16"": 1, ""8"": 5, ""11"": 1, ""9"": 4, ""7"": 5, ""6"": 2, ""5"": 4, ""2"": 33, ""4"": 2, ""3"": 7}",0.027
188,142,44,"[11, 9, 11, 10, 9, 6, 3, 4, 2, 2, 3, 2, 1, 2, 2, 3, 1, 1, 1, 2, 2, 1, 1, 2, 3, 4, 3, 5, 4, 5, 4, 2, 3, 2, 2, 2, 3, 2, 1, 2, 1, 1, 1, 1]",37,2,12.33,98,"{""37"": 16, ""17"": 4, ""22"": 3, ""29"": 1, ""20"": 4, ""21"": 1, ""13"": 8, ""31"": 1, ""14"": 6, ""33"": 1, ""16"": 6, ""32"": 1, ""23"": 1, ""12"": 3, ""19"": 2, ""30"": 1, ""24"": 1, ""27"": 1, ""15"": 4, ""8"": 9, ""9"": 2, ""7"": 5, ""6"": 2, ""5"": 3, ""2"": 46, ""4"": 3, ""3"": 7}",0.023
189,135,38,"[19, 8, 9, 8, 7, 6, 4, 4, 5, 3, 3, 3, 3, 3, 6, 6, 5, 2, 4, 2, 1, 2, 2, 1, 1, 1, 1, 2, 1, 1, 2, 1, 1, 1, 1, 3, 1, 2]",37,2,12.86,665,"{""37"": 16, ""26"": 4, ""16"": 5, ""12"": 6, ""17"": 8, ""35"": 1, ""22"": 2, ""32"": 1, ""29"": 1, ""14"": 4, ""13"": 7, ""23"": 1, ""27"": 1, ""25"": 1, ""18"": 1, ""20"": 2, ""33"": 1, ""10"": 4, ""11"": 3, ""7"": 8, ""8"": 2, ""5"": 5, ""6"": 3, ""2"": 38, ""4"": 5, ""3"": 5}",0.026
19,36,10,"[8, 6, 7, 3, 2, 2, 3, 1, 3, 1]",37,2,13.03,156,"{""37"": 4, ""30"": 1, ""16"": 1, ""27"": 1, ""19"": 2, ""20"": 1, ""24"": 1, ""15"": 2, ""14"": 1, ""17"": 1, ""18"": 1, ""11"": 2, ""10"": 1, ""7"": 1, ""6"": 1, ""5"": 3, ""2"": 10, ""4"": 1, ""3"": 1}",0.1
190,52,17,"[10, 4, 4, 2, 1, 1, 2, 6, 7, 3, 1, 2, 4, 1, 2, 1, 1]",37,2,10.15,561,"{""37"": 1, ""14"": 3, ""27"": 1, ""32"": 1, ""19"": 2, ""18"": 2, ""22"": 1, ""25"": 1, ""12"": 7, ""13"": 2, ""21"": 1, ""16"": 1, ""11"": 1, ""7"": 3, ""9"": 2, ""8"": 1, ""5"": 4, ""6"": 1, ""2"": 13, ""3"": 4}",0.059
191,105,33,"[13, 6, 9, 8, 6, 4, 6, 1, 1, 1, 1, 2, 4, 4, 3, 5, 3, 3, 1, 1, 1, 1, 1, 1, 1, 1, 1, 3, 1, 2, 3, 3, 4]",37,2,11.15,429,"{""37"": 8, ""21"": 2, ""16"": 4, ""14"": 4, ""18"": 2, ""17"": 4, ""15"": 3, ""20"": 2, ""29"": 3, ""12"": 3, ""26"": 1, ""28"": 1, ""25"": 1, ""22"": 2, ""10"": 5, ""11"": 1, ""7"": 6, ""8"": 2, ""6"": 6, ""5"": 5, ""2"": 27, ""3"": 8, ""4"": 5}",0.03
192,124,43,"[12, 12, 6, 6, 5, 4, 4, 3, 1, 3, 1, 3, 5, 2, 3, 1, 1, 3, 4, 3, 3, 4, 3, 1, 2, 1, 1, 1, 1, 1, 2, 1, 3, 2, 1, 2, 3, 4, 2, 1, 1, 1, 1]",37,2,12.35,69,"{""37"": 10, ""18"": 5, ""15"": 3, ""19"": 4, ""26"": 5, ""21"": 2, ""22"": 2, ""35"": 2, ""14"": 5, ""27"": 2, ""17"": 2, ""16"": 6, ""24"": 1, ""13"": 4, ""20"": 1, ""12"": 5, ""28"": 1, ""11"": 1, ""7"": 1, ""9"": 2, ""6"": 7, ""5"": 5, ""8"": 1, ""2"": 33, ""3"": 7, ""4"": 7}",0.023
193,121,34,"[12, 7, 5, 4, 8, 10, 7, 6, 5, 5, 2, 4, 1, 1, 4, 1, 1, 3, 1, 2, 2, 1, 3, 1, 2, 4, 3, 2, 3, 4, 2, 2, 2, 1]",37,2,12.78,570,"{""37"": 10, ""21"": 3, ""20"": 5, ""24"": 2, ""16"": 1, ""17"": 3, ""14"": 6, ""23"": 2, ""36"": 2, ""34"": 1, ""25"": 1, ""18"": 2, ""15"": 4, ""29"": 2, ""12"": 2, ""13"": 7, ""28"": 1, ""33"": 1, ""10"": 2, ""11"": 2, ""8"": 8, ""9"": 2, ""7"": 11, ""5"": 3, ""6"": 1, ""4"": 2, ""2"": 28, ""3"": 7}",0.029
194,166,60,"[9, 7, 3, 4, 7, 4, 4, 4, 2, 2, 2, 1, 3, 4, 4, 2, 4, 3, 4, 2, 2, 1, 1, 1, 1, 1, 1, 1, 1, 1, 3, 3, 6, 4, 4, 2, 1, 1, 1, 3, 1, 3, 3, 1, 2, 3, 2, 4, 3, 3, 3, 3, 3, 2, 1, 3, 4, 5, 2, 1]",37,2,12.22,87,"{""37"": 15, ""20"": 6, ""19"": 3, ""21"": 3, ""14"": 6, ""17"": 5, ""31"": 1, ""15"": 5, ""26"": 3, ""23"": 2, ""33"": 1, ""28"": 3, ""36"": 3, ""12"": 7, ""18"": 2, ""16"": 2, ""13"": 3, ""22"": 1, ""11"": 3, ""10"": 7, ""8"": 6, ""7"": 1, ""6"": 8, ""5"": 12, ""2"": 47, ""3"": 7, ""4"": 4}",0.017
195,46,12,"[7, 4, 3, 4, 4, 4, 5, 4, 2, 4, 4, 1]",37,2,11.02,718,"{""37"": 3, ""18"": 3, ""13"": 4, ""22"": 1, ""25"": 1, ""20"": 1, ""33"": 1, ""15"": 2, ""17"": 1, ""12"": 3, ""19"": 1, ""8"": 1, ""9"": 1, ""7"": 1, ""5"": 5, ""6"": 1, ""2"": 15, ""3"": 1}",0.083
196,85,30,"[13, 7, 3, 3, 3, 1, 1, 4, 1, 2, 2, 2, 3, 3, 2, 5, 4, 1, 1, 2, 4, 2, 2, 2, 1, 2, 3, 3, 2, 1]",37,2,12.32,397,"{""21"": 2, ""37"": 7, ""13"": 5, ""22"": 2, ""27"": 1, ""14"": 4, ""35"": 1, ""30"": 1, ""34"": 1, ""15"": 2, ""29"": 2, ""12"": 6, ""31"": 1, ""32"": 1, ""17"": 2, ""20"": 1, ""11"": 2, ""10"": 1, ""8"": 3, ""7"": 2, ""6"": 4, ""5"": 3, ""2"": 27, ""4"": 3, ""3"": 1}",0.033
197,158,41,"[13, 9, 8, 8, 7, 6, 3, 1, 2, 1, 2, 3, 2, 2, 4, 3, 2, 4, 5, 4, 4, 6, 7, 4, 8, 5, 2, 5, 4, 2, 3, 4, 3, 2, 2, 1, 1, 1, 1, 3, 1]",37,2,11.25,71,"{""37"": 12, ""16"": 7, ""28"": 1, ""18"": 4, ""19"": 1, ""25"": 4, ""24"": 2, ""15"": 6, ""20"": 2, ""21"": 4, ""12"": 7, ""27"": 2, ""30"": 3, ""13"": 6, ""17"": 4, ""14"": 5, ""10"": 1, ""11"": 1, ""7"": 5, ""9"": 1, ""6"": 7, ""5"": 4, ""4"": 10, ""2"": 47, ""3"": 12}",0.024
198,116,23,"[17, 19, 9, 10, 5, 7, 7, 4, 6, 5, 3, 2, 1, 3, 4, 2, 2, 1, 2, 2, 2, 1, 2]",37,2,11.73,488,"{""37"": 9, ""26"": 2, ""36"": 1, ""12"": 6, ""25"": 3, ""32"": 1, ""28"": 1, ""16"": 5, ""20"": 4, ""13"": 5, ""24"": 2, ""14"": 7, ""18"": 2, ""15"": 3, ""31"": 1, ""17"": 1, ""11"": 1, ""8"": 2, ""9"": 2, ""7"": 3, ""10"": 1, ""5"": 8, ""6"": 4, ""3"": 5, ""4"": 2, ""2"": 35}",0.043
199,197,58,"[22, 11, 6, 7, 6, 2, 3, 3, 2, 5, 3, 3, 2, 3, 2, 1, 1, 1, 4, 3, 2, 5, 4, 2, 1, 1, 5, 2, 5, 5, 6, 4, 4, 5, 2, 5, 3, 2, 2, 1, 2, 2, 3, 2, 2, 2, 4, 3, 2, 1, 1, 1, 1, 5, 3, 2, 3, 2]",37,2,11.68,100,"{""37"": 14, ""33"": 2, ""12"": 10, ""25"": 6, ""13"": 8, ""31"": 2, ""17"": 3, ""20"": 2, ""26"": 2, ""28"": 2, ""14"": 12, ""16"": 6, ""27"": 3, ""30"": 1, ""18"": 4, ""21"": 3, ""15"": 4, ""23"": 1, ""22"": 1, ""19"": 2, ""32"": 1, ""10"": 6, ""7"": 5, ""8"": 4, ""9"": 1, ""6"": 6, ""5"": 7, ""2"": 57, ""4"": 10, ""3"": 12}",0.017
2,7,6,"[1, 1, 1, 2, 1, 1]",22,2,10.0,30,"{""22"": 1, ""20"": 1, ""12"": 1, ""7"": 1, ""5"": 1, ""2"": 2}",0.167
20,48,17,"[12, 6, 3, 3, 4, 5, 2, 1, 1, 1, 3, 1, 1, 1, 1, 2, 1]",37,2,10.38,342,"{""37"": 5, ""20"": 2, ""24"": 1, ""14"": 4, ""13"": 1, ""15"": 1, ""16"": 1, ""22"": 1, ""12"": 2, ""11"": 1, ""10"": 1, ""7"": 1, ""8"": 2, ""6"": 1, ""2"": 21, ""3"": 1, ""4"": 2}",0.059
200,35,8,"[11, 7, 6, 3, 1, 3, 2, 2]",37,2,10.94,772,"{""37"": 2, ""33"": 1, ""12"": 4, ""15"": 1, ""14"": 3, ""18"": 2, ""24"": 1, ""13"": 2, ""16"": 1, ""9"": 1, ""7"": 3, ""6"": 1, ""5"": 2, ""2"": 10, ""3"": 1}",0.125
21,44,21,"[6, 2, 2, 1, 3, 1, 1, 1, 1, 2, 3, 3, 2, 1, 2, 3, 1, 2, 3, 3, 1]",37,2,13.52,30,"{""16"": 1, ""14"": 3, ""37"": 3, ""26"": 1, ""31"": 1, ""35"": 1, ""15"": 3, ""33"": 1, ""25"": 1, ""34"": 1, ""22"": 1, ""13"": 2, ""17"": 3, ""12"": 1, ""10"": 1, ""8"": 1, ""9"": 1, ""5"": 2, ""6"": 3, ""2"": 10, ""4"": 2, ""3"": 1}",0.048
22,47,21,"[3, 1, 1, 2, 2, 2, 1, 1, 2, 1, 3, 3, 4, 2, 4, 2, 4, 2, 2, 3, 2]",37,2,12.81,23,"{""37"": 7, ""27"": 1, ""19"": 2, ""28"": 1, ""21"": 1, ""16"": 1, ""29"": 1, ""26"": 1, ""13"": 2, ""12"": 1, ""9"": 2, ""7"": 6, ""6"": 2, ""5"": 1, ""4"": 2, ""3"": 3, ""2"": 13}",0.048
23,42,14,"[8, 6, 1, 2, 3, 3, 2, 4, 3, 2, 3, 3, 1, 1]",37,2,12.57,201,"{""37"": 3, ""28"": 2, ""25"": 1, ""12"": 3, ""16"": 3, ""21"": 1, ""14"": 2, ""20"": 2, ""17"": 2, ""13"": 3, ""15"": 1, ""10"": 2, ""7"": 1, ""9"": 1, ""5"": 1, ""4"": 2, ""3"": 2, ""2"": 10}",0.071
24,61,17,"[9, 6, 4, 4, 6, 5, 6, 5, 3, 2, 1, 3, 1, 1, 2, 2, 1]",37,2,11.36,36,"{""37"": 3, ""25"": 2, ""24"": 2, ""21"": 1, ""14"": 3, ""12"": 2, ""18"": 3, ""30"": 2, ""15"": 4, ""27"": 1, ""16"": 3, ""13"": 2, ""22"": 1, ""7"": 1, ""9"": 1, ""6"": 2, ""5"": 5, ""2"": 22, ""3"": 1}",0.059
25,34,13,"[8, 3, 6, 1, 1, 1, 1, 1, 2, 3, 2, 2, 3]",37,2,9.76,243,"{""37"": 3, ""19"": 1, ""13"": 2, ""16"": 1, ""12"": 2, ""27"": 1, ""14"": 2, ""11"": 1, ""10"": 1, ""7"": 2, ""5"": 2, ""6"": 1, ""2"": 15}",0.077
26,47,17,"[7, 2, 2, 3, 2, 2, 4, 3, 3, 2, 2, 3, 2, 2, 3, 3, 2]",37,2,12.72,27,"{""15"": 2, ""37"": 6, ""13"": 3, ""16"": 2, ""18"": 2, ""19"": 2, ""24"": 1, ""14"": 3, ""20"": 1, ""12"": 2, ""11"": 1, ""7"": 1, ""5"": 5, ""6"": 2, ""2"": 9, ""3"": 2, ""4"": 3}",0.059
27,42,14,"[8, 6, 1, 2, 3, 3, 2, 4, 3, 2, 3, 3, 1, 1]",37,2,12.57,201,"{""37"": 3, ""28"": 2, ""25"": 1, ""12"": 3, ""16"": 3, ""21"": 1, ""14"": 2, ""20"": 2, ""17"": 2, ""13"": 3, ""15"": 1, ""10"": 2, ""7"": 1, ""9"": 1, ""5"": 1, ""4"": 2, ""3"": 2, ""2"": 10}",0.071
28,61,17,"[9, 6, 4, 4, 6, 5, 6, 5, 3, 2, 1, 3, 1, 1, 2, 2, 1]",37,2,11.36,36,"{""37"": 3, ""25"": 2, ""24"": 2, ""21"": 1, ""14"": 3, ""12"": 2, ""18"": 3, ""30"": 2, ""15"": 4, ""27"": 1, ""16"": 3, ""13"": 2, ""22"": 1, ""7"": 1, ""9"": 1, ""6"": 2, ""5"": 5, ""2"": 22, ""3"": 1}",0.059
29,52,21,"[10, 4, 5, 2, 1, 1, 2, 2, 1, 1, 1, 2, 2, 3, 3, 2, 4, 2, 2, 1, 1]",37,2,11.69,233,"{""32"": 1, ""12"": 2, ""37"": 3, ""21"": 1, ""20"": 1, ""24"": 1, ""19"": 1, ""17"": 2, ""23"": 2, ""16"": 4, ""30"": 1, ""27"": 1, ""15"": 2, ""14"": 1, ""13"": 1, ""10"": 2, ""7"": 2, ""5"": 5, ""2"": 17, ""3"": 2}",0.048
3,9,4,"[1, 2, 3, 3]",24,2,10.67,4,"{""24"": 2, ""13"": 1, ""17"": 1, ""10"": 1, ""2"": 4}",0.25
30,27,12,"[7, 3, 3, 3, 1, 3, 1, 1, 2, 1, 1, 1]",37,2,9.63,316,"{""19"": 1, ""37"": 2, ""13"": 2, ""17"": 1, ""16"": 1, ""12"": 2, ""21"": 1, ""10"": 1, ""11"": 1, ""5"": 1, ""6"": 1, ""2"": 9, ""3"": 3, ""4"": 1}",0.083
31,43,15,"[9, 6, 5, 4, 4, 1, 1, 4, 2, 2, 1, 1, 1, 1, 1]",37,2,12.44,194,"{""25"": 1, ""13"": 2, ""21"": 2, ""14"": 2, ""37"": 3, ""30"": 1, ""18"": 1, ""22"": 1, ""15"": 1, ""27"": 1, ""29"": 2, ""12"": 2, ""35"": 1, ""10"": 1, ""5"": 3, ""6"": 1, ""2"": 11, ""3"": 7}",0.067
32,56,19,"[7, 4, 4, 6, 3, 2, 5, 3, 4, 2, 1, 2, 3, 2, 1, 1, 2, 3, 1]",37,2,13.41,33,"{""37"": 5, ""25"": 1, ""17"": 3, ""21"": 2, ""31"": 1, ""29"": 2, ""34"": 1, ""16"": 3, ""14"": 1, ""23"": 1, ""28"": 1, ""13"": 5, ""12"": 1, ""19"": 1, ""10"": 1, ""7"": 3, ""8"": 1, ""11"": 1, ""5"": 3, ""6"": 1, ""4"": 3, ""2"": 12, ""3"": 3}",0.053
33,56,18,"[8, 5, 6, 6, 4, 4, 2, 3, 3, 2, 1, 1, 1, 2, 2, 2, 3, 1]",37,2,11.68,246,"{""29"": 1, ""31"": 1, ""22"": 2, ""25"": 1, ""32"": 1, ""14"": 3, ""13"": 2, ""37"": 4, ""17"": 2, ""23"": 1, ""15"": 1, ""19"": 1, ""20"": 1, ""12"": 2, ""10"": 3, ""8"": 1, ""6"": 3, ""7"": 2, ""5"": 3, ""9"": 1, ""4"": 3, ""2"": 15, ""3"": 2}",0.056
34,68,25,"[7, 5, 6, 5, 4, 2, 1, 2, 1, 1, 1, 1, 1, 3, 4, 3, 2, 4, 1, 2, 3, 4, 2, 2, 1]",37,2,12.72,35,"{""37"": 5, ""31"": 2, ""13"": 4, ""26"": 1, ""30"": 1, ""24"": 1, ""34"": 1, ""20"": 1, ""14"": 2, ""25"": 1, ""27"": 1, ""16"": 3, ""18"": 1, ""19"": 1, ""12"": 2, ""23"": 1, ""21"": 2, ""15"": 2, ""17"": 1, ""10"": 2, ""8"": 3, ""7"": 1, ""5"": 3, ""6"": 1, ""3"": 5, ""2"": 18, ""4"": 2}",0.04
35,23,7,"[9, 6, 3, 2, 1, 1, 1]",35,2,10.87,452,"{""14"": 1, ""24"": 2, ""35"": 1, ""12"": 3, ""22"": 1, ""19"": 1, ""13"": 1, ""10"": 1, ""11"": 1, ""8"": 1, ""6"": 1, ""5"": 3, ""2"": 5, ""3"": 1}",0.143
36,42,16,"[8, 5, 4, 3, 2, 1, 1, 3, 3, 1, 1, 3, 2, 1, 1, 3]",37,2,13.52,216,"{""37"": 4, ""24"": 2, ""29"": 1, ""16"": 1, ""31"": 1, ""28"": 1, ""20"": 1, ""15"": 2, ""13"": 3, ""12"": 6, ""14"": 2, ""8"": 2, ""9"": 2, ""7"": 1, ""5"": 2, ""2"": 6, ""3"": 4, ""4"": 1}",0.062
37,72,28,"[9, 6, 2, 2, 3, 2, 2, 3, 4, 3, 1, 3, 3, 2, 3, 3, 1, 2, 2, 2, 2, 2, 2, 1, 2, 1, 2, 2]",37,2,12.06,32,"{""37"": 5, ""21"": 3, ""36"": 1, ""20"": 2, ""33"": 1, ""17"": 2, ""28"": 1, ""29"": 2, ""12"": 4, ""22"": 2, ""15"": 1, ""14"": 3, ""19"": 2, ""13"": 3, ""16"": 1, ""8"": 4, ""7"": 6, ""6"": 2, ""5"": 2, ""2"": 23, ""3"": 1, ""4"": 1}",0.036
38,54,18,"[8, 6, 5, 5, 4, 5, 2, 4, 3, 1, 2, 2, 1, 2, 1, 1, 1, 1]",37,2,12.2,241,"{""37"": 3, ""20"": 2, ""12"": 3, ""23"": 1, ""29"": 1, ""22"": 2, ""25"": 1, ""18"": 2, ""33"": 1, ""27"": 2, ""28"": 1, ""16"": 3, ""14"": 2, ""15"": 1, ""10"": 1, ""7"": 2, ""8"": 1, ""11"": 1, ""5"": 3, ""6"": 1, ""2"": 17, ""4"": 2, ""3"": 1}",0.056
39,73,26,"[6, 2, 4, 4, 3, 2, 1, 3, 3, 3, 5, 2, 7, 4, 6, 2, 2, 3, 2, 1, 1, 1, 2, 1, 2, 1]",37,2,13.29,54,"{""37"": 10, ""20"": 1, ""26"": 1, ""18"": 1, ""34"": 1, ""21"": 1, ""14"": 3, ""31"": 1, ""12"": 5, ""15"": 1, ""22"": 1, ""33"": 1, ""13"": 1, ""30"": 2, ""16"": 1, ""29"": 1, ""10"": 1, ""7"": 3, ""8"": 3, ""9"": 1, ""5"": 3, ""6"": 3, ""2"": 20, ""3"": 5, ""4"": 2}",0.038
4,7,6,"[1, 1, 1, 2, 1, 1]",22,2,10.0,30,"{""22"": 1, ""20"": 1, ""12"": 1, ""7"": 1, ""5"": 1, ""2"": 2}",0.167
40,38,10,"[9, 5, 4, 5, 4, 4, 1, 1, 2, 3]",37,2,9.87,301,"{""30"": 1, ""17"": 3, ""19"": 1, ""26"": 1, ""14"": 2, ""37"": 1, ""18"": 1, ""15"": 1, ""16"": 1, ""12"": 3, ""21"": 1, ""10"": 1, ""8"": 1, ""7"": 3, ""5"": 1, ""2"": 15, ""4"": 1}",0.1
41,68,25,"[8, 9, 2, 3, 2, 6, 2, 4, 2, 3, 3, 2, 2, 1, 1, 3, 3, 1, 3, 2, 1, 1, 2, 1, 1]",37,2,12.63,41,"{""37"": 7, ""27"": 1, ""23"": 3, ""17"": 2, ""16"": 2, ""22"": 2, ""28"": 2, ""13"": 2, ""14"": 2, ""21"": 1, ""18"": 2, ""25"": 1, ""30"": 1, ""10"": 2, ""8"": 4, ""9"": 1, ""7"": 2, ""5"": 6, ""6"": 2, ""2"": 17, ""4"": 3, ""3"": 3}",0.04
42,63,22,"[9, 7, 5, 6, 2, 1, 2, 2, 5, 4, 2, 2, 1, 1, 2, 3, 2, 1, 1, 2, 2, 1]",37,2,13.48,51,"{""37"": 4, ""34"": 1, ""28"": 3, ""21"": 2, ""35"": 1, ""20"": 3, ""15"": 3, ""36"": 1, ""32"": 1, ""22"": 1, ""17"": 2, ""12"": 3, ""26"": 1, ""23"": 2, ""11"": 1, ""10"": 3, ""14"": 1, ""7"": 5, ""8"": 2, ""5"": 3, ""6"": 1, ""2"": 16, ""3"": 2, ""4"": 1}",0.045
43,70,25,"[8, 8, 7, 9, 3, 2, 1, 1, 1, 1, 2, 2, 3, 2, 2, 3, 2, 2, 1, 1, 2, 2, 3, 1, 1]",37,2,10.69,276,"{""37"": 7, ""19"": 2, ""12"": 3, ""13"": 3, ""34"": 1, ""20"": 1, ""30"": 1, ""22"": 1, ""15"": 2, ""28"": 1, ""29"": 1, ""25"": 1, ""7"": 3, ""11"": 1, ""8"": 3, ""5"": 2, ""6"": 2, ""2"": 27, ""3"": 6, ""4"": 2}",0.04
44,91,35,"[8, 5, 3, 3, 5, 4, 3, 3, 1, 3, 2, 2, 5, 3, 3, 2, 1, 2, 3, 3, 2, 1, 2, 1, 1, 4, 2, 1, 2, 1, 2, 3, 2, 2, 1]",37,2,10.98,25,"{""37"": 8, ""20"": 1, ""16"": 4, ""32"": 2, ""25"": 1, ""19"": 3, ""15"": 5, ""31"": 1, ""12"": 3, ""17"": 2, ""21"": 1, ""14"": 1, ""18"": 1, ""13"": 1, ""10"": 2, ""9"": 3, ""8"": 3, ""7"": 4, ""6"": 5, ""5"": 4, ""2"": 29, ""4"": 3, ""3"": 4}",0.029
45,39,7,"[12, 6, 7, 5, 4, 3, 2]",35,2,9.9,398,"{""35"": 1, ""19"": 2, ""16"": 2, ""15"": 2, ""23"": 1, ""22"": 1, ""21"": 1, ""20"": 2, ""14"": 2, ""18"": 1, ""12"": 1, ""10"": 2, ""11"": 1, ""7"": 2, ""5"": 1, ""2"": 15, ""4"": 1, ""3"": 1}",0.143
46,71,25,"[9, 5, 4, 5, 4, 1, 1, 3, 2, 4, 4, 3, 3, 2, 3, 2, 2, 1, 1, 2, 4, 2, 2, 1, 1]",37,2,12.03,46,"{""37"": 4, ""29"": 1, ""32"": 1, ""14"": 4, ""25"": 1, ""20"": 2, ""28"": 1, ""15"": 1, ""33"": 2, ""22"": 2, ""26"": 2, ""12"": 3, ""13"": 3, ""16"": 4, ""18"": 1, ""10"": 1, ""7"": 2, ""8"": 4, ""9"": 2, ""6"": 2, ""5"": 5, ""2"": 19, ""4"": 1, ""3"": 3}",0.04
47,58,18,"[11, 5, 3, 3, 4, 4, 4, 3, 2, 2, 1, 3, 2, 2, 1, 2, 3, 3]",37,2,12.97,272,"{""37"": 5, ""31"": 1, ""19"": 2, ""29"": 2, ""13"": 2, ""12"": 5, ""32"": 1, ""14"": 3, ""15"": 3, ""20"": 2, ""23"": 1, ""16"": 2, ""17"": 1, ""22"": 1, ""10"": 2, ""9"": 1, ""8"": 2, ""5"": 3, ""3"": 3, ""2"": 16}",0.056
48,85,26,"[8, 8, 8, 4, 4, 3, 1, 1, 1, 2, 2, 2, 6, 5, 1, 3, 1, 2, 3, 3, 4, 2, 5, 2, 2, 2]",37,2,12.33,41,"{""37"": 9, ""33"": 2, ""22"": 2, ""17"": 1, ""32"": 1, ""21"": 1, ""15"": 2, ""16"": 2, ""31"": 1, ""35"": 1, ""20"": 2, ""14"": 3, ""30"": 1, ""18"": 2, ""13"": 1, ""12"": 3, ""11"": 2, ""10"": 4, ""8"": 2, ""7"": 1, ""5"": 8, ""6"": 3, ""2"": 28, ""4"": 2, ""3"": 1}",0.038
49,76,26,"[16, 5, 6, 3, 2, 4, 2, 1, 2, 1, 1, 2, 2, 1, 2, 2, 1, 1, 1, 1, 5, 3, 3, 2, 3, 4]",37,2,12.05,309,"{""37"": 6, ""33"": 2, ""13"": 3, ""30"": 1, ""18"": 1, ""12"": 8, ""15"": 2, ""27"": 1, ""28"": 2, ""21"": 2, ""31"": 1, ""14"": 3, ""16"": 2, ""17"": 1, ""20"": 1, ""10"": 3, ""7"": 3, ""8"": 1, ""5"": 3, ""6"": 2, ""2"": 22, ""3"": 6}",0.038
5,21,7,"[8, 5, 4, 1, 1, 1, 1]",37,2,10.33,163,"{""37"": 1, ""20"": 1, ""18"": 1, ""12"": 3, ""17"": 2, ""13"": 1, ""11"": 1, ""8"": 1, ""10"": 1, ""5"": 3, ""4"": 1, ""2"": 4, ""3"": 1}",0.143
50,39,17,"[5, 3, 4, 2, 2, 1, 1, 3, 2, 1, 2, 3, 2, 3, 2, 2, 1]",37,2,9.82,401,"{""37"": 1, ""26"": 1, ""13"": 3, ""16"": 2, ""12"": 3, ""19"": 2, ""15"": 2, ""14"": 1, ""21"": 1, ""17"": 1, ""10"": 1, ""7"": 1, ""8"": 2, ""5"": 4, ""6"": 2, ""2"": 9, ""4"": 1, ""3"": 2}",0.059
51,62,21,"[11, 6, 4, 2, 2, 4, 5, 5, 3, 3, 3, 1, 1, 1, 2, 1, 1, 1, 1, 4, 1]",37,2,12.26,264,"{""26"": 1, ""37"": 4, ""18"": 2, ""28"": 1, ""33"": 2, ""23"": 1, ""12"": 2, ""31"": 2, ""27"": 1, ""17"": 2, ""14"": 2, ""36"": 1, ""15"": 2, ""21"": 1, ""20"": 1, ""13"": 1, ""11"": 1, ""10"": 2, ""7"": 2, ""8"": 2, ""9"": 1, ""5"": 1, ""2"": 22, ""4"": 4, ""3"": 1}",0.048
52,83,29,"[10, 8, 6, 6, 2, 3, 6, 3, 4, 1, 1, 1, 1, 1, 1, 1, 4, 4, 2, 1, 1, 3, 2, 3, 4, 1, 1, 1, 1]",37,2,12.48,53,"{""37"": 7, ""34"": 1, ""15"": 4, ""14"": 5, ""32"": 1, ""21"": 1, ""29"": 3, ""30"": 1, ""26"": 1, ""17"": 2, ""18"": 1, ""13"": 2, ""20"": 1, ""12"": 6, ""36"": 1, ""19"": 1, ""10"": 3, ""11"": 2, ""7"": 5, ""9"": 1, ""5"": 4, ""6"": 2, ""2"": 22, ""3"": 4, ""4"": 2}",0.034
53,81,23,"[13, 5, 3, 4, 4, 6, 3, 3, 3, 5, 2, 2, 2, 1, 3, 2, 2, 3, 3, 3, 3, 3, 3]",37,2,11.23,315,"{""14"": 2, ""37"": 5, ""27"": 1, ""32"": 1, ""26"": 1, ""24"": 3, ""29"": 1, ""12"": 5, ""23"": 1, ""34"": 1, ""28"": 1, ""18"": 2, ""16"": 2, ""30"": 1, ""22"": 1, ""13"": 3, ""15"": 2, ""11"": 1, ""8"": 3, ""7"": 3, ""5"": 4, ""6"": 4, ""2"": 24, ""4"": 2, ""3"": 7}",0.043
54,99,35,"[11, 7, 4, 8, 8, 7, 2, 1, 1, 1, 3, 1, 2, 3, 2, 1, 1, 4, 1, 1, 1, 2, 1, 1, 1, 1, 2, 1, 1, 3, 2, 3, 2, 5, 4]",37,2,11.84,53,"{""23"": 3, ""17"": 4, ""37"": 7, ""31"": 1, ""29"": 1, ""26"": 1, ""16"": 1, ""21"": 2, ""12"": 10, ""34"": 1, ""15"": 5, ""25"": 1, ""24"": 1, ""14"": 6, ""18"": 1, ""27"": 1, ""20"": 1, ""13"": 3, ""11"": 1, ""8"": 3, ""7"": 3, ""5"": 4, ""6"": 2, ""2"": 31, ""3"": 4, ""4"": 1}",0.029
55,37,9,"[11, 4, 6, 3, 4, 5, 2, 1, 1]",37,2,9.65,543,"{""37"": 2, ""15"": 1, ""34"": 1, ""26"": 1, ""14"": 3, ""19"": 1, ""12"": 2, ""16"": 1, ""13"": 1, ""17"": 1, ""8"": 2, ""5"": 5, ""6"": 1, ""2"": 15}",0.111
56,60,15,"[15, 9, 4, 4, 5, 3, 4, 2, 2, 3, 4, 2, 1, 1, 1]",37,2,13.07,305,"{""37"": 9, ""22"": 1, ""30"": 1, ""16"": 2, ""33"": 1, ""15"": 2, ""17"": 2, ""19"": 1, ""14"": 3, ""12"": 2, ""23"": 1, ""21"": 1, ""8"": 3, ""7"": 4, ""9"": 1, ""6"": 3, ""5"": 2, ""4"": 4, ""2"": 15, ""3"": 2}",0.067
57,92,26,"[12, 8, 7, 3, 4, 4, 3, 2, 3, 3, 1, 1, 2, 3, 4, 5, 3, 5, 7, 2, 3, 1, 2, 2, 1, 1]",37,2,12.67,59,"{""37"": 10, ""17"": 2, ""22"": 1, ""34"": 1, ""19"": 1, ""31"": 1, ""20"": 2, ""13"": 3, ""15"": 4, ""36"": 1, ""29"": 1, ""23"": 2, ""18"": 2, ""32"": 1, ""12"": 6, ""28"": 1, ""14"": 3, ""7"": 4, ""8"": 2, ""11"": 1, ""9"": 2, ""6"": 6, ""5"": 4, ""2"": 27, ""3"": 3, ""4"": 1}",0.038
58,72,23,"[9, 8, 5, 1, 1, 2, 4, 2, 8, 3, 3, 1, 1, 1, 1, 2, 4, 4, 3, 3, 3, 1, 2]",37,2,12.53,323,"{""37"": 4, ""15"": 2, ""17"": 2, ""34"": 1, ""14"": 1, ""28"": 1, ""31"": 3, ""18"": 3, ""30"": 1, ""32"": 1, ""12"": 4, ""16"": 1, ""26"": 1, ""13"": 6, ""22"": 1, ""23"": 3, ""10"": 1, ""11"": 2, ""7"": 3, ""9"": 1, ""5"": 4, ""6"": 1, ""2"": 21, ""4"": 4}",0.043
59,111,29,"[11, 6, 6, 9, 8, 7, 6, 4, 8, 3, 1, 2, 1, 1, 2, 2, 1, 3, 4, 4, 2, 2, 2, 5, 2, 2, 3, 3, 1]",37,2,11.95,43,"{""18"": 5, ""20"": 5, ""37"": 7, ""21"": 1, ""17"": 1, ""24"": 2, ""30"": 1, ""32"": 1, ""22"": 2, ""31"": 2, ""25"": 2, ""19"": 2, ""28"": 1, ""13"": 5, ""33"": 1, ""15"": 3, ""14"": 3, ""16"": 1, ""34"": 1, ""12"": 3, ""11"": 3, ""10"": 3, ""8"": 2, ""6"": 2, ""5"": 11, ""2"": 34, ""3"": 6, ""4"": 1}",0.034
6,7,4,"[2, 1, 3, 1]",37,2,14.0,2,"{""37"": 1, ""29"": 1, ""13"": 1, ""10"": 1, ""5"": 1, ""2"": 2}",0.25
60,34,14,"[8, 5, 2, 2, 2, 1, 1, 2, 3, 3, 1, 1, 2, 1]",37,2,9.79,628,"{""22"": 1, ""25"": 1, ""37"": 1, ""17"": 2, ""19"": 2, ""13"": 3, ""21"": 1, ""12"": 2, ""14"": 1, ""11"": 1, ""10"": 1, ""5"": 6, ""2"": 10, ""4"": 2}",0.071
61,99,47,"[12, 5, 4, 1, 1, 1, 2, 1, 2, 2, 1, 2, 1, 1, 1, 1, 1, 2, 1, 6, 4, 2, 2, 1, 1, 1, 1, 2, 2, 2, 3, 1, 1, 2, 1, 2, 3, 5, 2, 1, 2, 2, 1, 2, 3, 1, 1]",37,2,11.8,57,"{""37"": 7, ""30"": 1, ""12"": 4, ""19"": 4, ""33"": 1, ""31"": 1, ""21"": 3, ""24"": 2, ""13"": 3, ""32"": 1, ""22"": 2, ""15"": 2, ""35"": 2, ""16"": 1, ""25"": 2, ""14"": 2, ""17"": 2, ""18"": 1, ""10"": 1, ""8"": 1, ""7"": 4, ""5"": 8, ""6"": 7, ""2"": 26, ""4"": 6, ""3"": 5}",0.021
62,102,36,"[15, 9, 7, 5, 2, 2, 1, 2, 1, 3, 3, 1, 1, 1, 1, 2, 1, 1, 2, 5, 3, 3, 2, 1, 2, 2, 2, 3, 6, 5, 1, 1, 1, 1, 3, 1]",37,2,11.53,49,"{""37"": 8, ""36"": 2, ""20"": 2, ""24"": 1, ""16"": 5, ""32"": 1, ""22"": 2, ""17"": 4, ""30"": 1, ""34"": 2, ""21"": 3, ""13"": 3, ""14"": 2, ""12"": 4, ""7"": 6, ""11"": 1, ""15"": 1, ""9"": 3, ""10"": 1, ""8"": 1, ""5"": 6, ""6"": 2, ""2"": 36, ""4"": 2, ""3"": 3}",0.028
63,75,25,"[13, 5, 3, 3, 2, 3, 2, 2, 2, 3, 2, 2, 5, 3, 2, 3, 1, 1, 3, 3, 3, 3, 2, 2, 2]",37,2,13.28,373,"{""37"": 10, ""12"": 5, ""18"": 2, ""21"": 1, ""13"": 5, ""26"": 2, ""30"": 1, ""15"": 4, ""25"": 1, ""24"": 1, ""14"": 2, ""23"": 2, ""19"": 1, ""11"": 2, ""10"": 1, ""7"": 5, ""8"": 1, ""9"": 1, ""6"": 2, ""2"": 18, ""3"": 5, ""4"": 2, ""5"": 1}",0.04
64,110,34,"[18, 14, 9, 4, 3, 1, 2, 2, 2, 2, 1, 2, 1, 3, 4, 3, 1, 1, 3, 3, 1, 2, 1, 1, 2, 2, 6, 5, 3, 1, 2, 1, 1, 3]",37,2,11.87,63,"{""34"": 2, ""37"": 8, ""12"": 11, ""21"": 4, ""25"": 2, ""14"": 4, ""36"": 1, ""23"": 2, ""15"": 6, ""16"": 3, ""33"": 1, ""13"": 4, ""20"": 2, ""19"": 2, ""27"": 1, ""17"": 1, ""18"": 1, ""7"": 4, ""8"": 2, ""9"": 1, ""5"": 2, ""6"": 3, ""2"": 37, ""4"": 2, ""3"": 4}",0.029
65,55,19,"[9, 4, 5, 5, 4, 3, 2, 3, 1, 1, 2, 2, 1, 1, 6, 2, 1, 1, 2]",37,2,10.25,525,"{""23"": 2, ""37"": 5, ""12"": 3, ""13"": 3, ""14"": 5, ""15"": 3, ""28"": 1, ""10"": 1, ""7"": 2, ""8"": 1, ""5"": 6, ""6"": 1, ""2"": 19, ""3"": 3}",0.053
66,99,32,"[4, 5, 10, 3, 7, 7, 3, 3, 1, 4, 2, 2, 2, 2, 1, 2, 2, 4, 2, 2, 1, 2, 2, 2, 5, 5, 2, 1, 3, 3, 4, 1]",37,2,11.93,44,"{""37"": 11, ""13"": 7, ""12"": 7, ""19"": 1, ""17"": 3, ""27"": 1, ""16"": 1, ""20"": 2, ""28"": 1, ""24"": 2, ""21"": 1, ""18"": 3, ""15"": 3, ""14"": 2, ""31"": 1, ""22"": 1, ""9"": 1, ""7"": 4, ""5"": 6, ""6"": 1, ""4"": 4, ""3"": 8, ""2"": 28}",0.031
67,86,22,"[10, 6, 4, 7, 3, 2, 2, 5, 4, 4, 2, 3, 4, 6, 3, 3, 2, 3, 4, 3, 5, 1]",37,2,11.63,369,"{""37"": 6, ""21"": 2, ""25"": 1, ""17"": 3, ""36"": 2, ""20"": 2, ""18"": 3, ""32"": 2, ""16"": 2, ""15"": 3, ""13"": 4, ""12"": 7, ""22"": 1, ""14"": 1, ""19"": 1, ""10"": 2, ""8"": 2, ""7"": 2, ""6"": 4, ""5"": 2, ""2"": 27, ""4"": 3, ""3"": 4}",0.045
68,122,36,"[11, 9, 9, 10, 6, 5, 1, 1, 3, 1, 2, 2, 1, 4, 4, 5, 6, 1, 3, 3, 2, 3, 2, 1, 1, 2, 2, 1, 2, 2, 2, 4, 4, 5, 1, 1]",37,2,11.32,63,"{""37"": 11, ""21"": 3, ""28"": 2, ""23"": 1, ""17"": 2, ""19"": 3, ""31"": 1, ""24"": 1, ""26"": 2, ""20"": 1, ""12"": 5, ""13"": 6, ""22"": 1, ""25"": 1, ""14"": 5, ""15"": 3, ""27"": 2, ""10"": 1, ""11"": 1, ""8"": 3, ""9"": 1, ""5"": 11, ""6"": 6, ""7"": 2, ""2"": 42, ""3"": 3, ""4"": 2}",0.028
69,98,30,"[17, 7, 6, 5, 5, 4, 2, 3, 2, 1, 3, 1, 2, 2, 3, 6, 3, 1, 1, 1, 3, 3, 2, 1, 1, 3, 1, 4, 3, 2]",37,2,11.82,442,"{""37"": 9, ""26"": 2, ""23"": 2, ""16"": 2, ""28"": 1, ""22"": 2, ""33"": 1, ""35"": 1, ""13"": 6, ""30"": 1, ""14"": 2, ""19"": 3, ""25"": 1, ""21"": 3, ""12"": 4, ""10"": 2, ""11"": 1, ""7"": 7, ""9"": 1, ""5"": 7, ""6"": 4, ""2"": 31, ""3"": 4, ""4"": 1}",0.033
7,14,7,"[2, 3, 3, 2, 1, 1, 2]",32,2,11.86,59,"{""32"": 1, ""20"": 1, ""28"": 1, ""23"": 1, ""12"": 3, ""13"": 1, ""3"": 2, ""2"": 4}",0.143
70,57,25,"[5, 5, 3, 2, 2, 1, 2, 2, 1, 2, 1, 2, 2, 2, 2, 3, 2, 4, 4, 3, 1, 1, 2, 1, 2]",37,2,12.19,427,"{""37"": 5, ""12"": 3, ""24"": 2, ""13"": 3, ""25"": 1, ""23"": 1, ""17"": 1, ""20"": 1, ""21"": 1, ""28"": 1, ""16"": 2, ""19"": 2, ""14"": 3, ""11"": 3, ""10"": 3, ""8"": 2, ""5"": 3, ""7"": 1, ""2"": 18, ""4"": 1}",0.04
71,80,28,"[13, 6, 3, 6, 3, 6, 2, 5, 3, 1, 2, 2, 3, 2, 1, 1, 1, 1, 3, 3, 1, 1, 1, 3, 2, 3, 1, 1]",37,2,12.39,378,"{""20"": 3, ""37"": 10, ""16"": 2, ""22"": 1, ""18"": 3, ""25"": 1, ""30"": 1, ""15"": 1, ""13"": 1, ""27"": 1, ""26"": 1, ""28"": 2, ""14"": 1, ""12"": 3, ""10"": 4, ""17"": 1, ""7"": 4, ""8"": 1, ""5"": 6, ""6"": 2, ""4"": 4, ""3"": 6, ""2"": 21}",0.036
72,122,41,"[14, 9, 8, 7, 3, 1, 1, 2, 1, 2, 2, 2, 1, 2, 3, 3, 3, 3, 2, 1, 3, 3, 1, 1, 2, 1, 1, 1, 2, 2, 2, 3, 3, 3, 5, 4, 4, 4, 2, 3, 2]",37,2,11.34,61,"{""37"": 11, ""27"": 1, ""36"": 1, ""21"": 2, ""31"": 3, ""23"": 1, ""14"": 6, ""12"": 6, ""18"": 3, ""25"": 1, ""13"": 3, ""28"": 1, ""24"": 1, ""20"": 1, ""16"": 2, ""19"": 1, ""15"": 2, ""22"": 1, ""8"": 8, ""9"": 3, ""7"": 6, ""10"": 2, ""5"": 5, ""6"": 4, ""2"": 40, ""3"": 4, ""4"": 3}",0.024
73,98,30,"[17, 7, 6, 5, 5, 4, 2, 3, 2, 1, 3, 1, 2, 2, 3, 6, 3, 1, 1, 1, 3, 3, 2, 1, 1, 3, 1, 4, 3, 2]",37,2,11.82,442,"{""37"": 9, ""26"": 2, ""23"": 2, ""16"": 2, ""28"": 1, ""22"": 2, ""33"": 1, ""35"": 1, ""13"": 6, ""30"": 1, ""14"": 2, ""19"": 3, ""25"": 1, ""21"": 3, ""12"": 4, ""10"": 2, ""11"": 1, ""7"": 7, ""9"": 1, ""5"": 7, ""6"": 4, ""2"": 31, ""3"": 4, ""4"": 1}",0.033
74,120,43,"[13, 12, 4, 3, 1, 2, 1, 2, 5, 3, 4, 4, 3, 1, 2, 1, 1, 3, 1, 2, 3, 2, 2, 3, 3, 4, 3, 1, 1, 3, 1, 1, 2, 4, 5, 2, 1, 2, 1, 2, 3, 1, 2]",37,2,12.74,71,"{""27"": 2, ""24"": 2, ""37"": 12, ""12"": 11, ""29"": 2, ""18"": 3, ""35"": 2, ""13"": 7, ""15"": 2, ""26"": 2, ""21"": 1, ""32"": 2, ""20"": 1, ""14"": 3, ""16"": 3, ""19"": 1, ""10"": 7, ""11"": 2, ""9"": 1, ""7"": 6, ""8"": 1, ""5"": 6, ""6"": 1, ""4"": 5, ""2"": 30, ""3"": 5}",0.023
75,65,20,"[14, 3, 5, 7, 2, 4, 3, 3, 3, 2, 1, 1, 2, 2, 2, 2, 2, 3, 3, 1]",37,2,12.51,412,"{""26"": 1, ""37"": 9, ""23"": 2, ""19"": 1, ""15"": 3, ""12"": 3, ""20"": 1, ""17"": 3, ""22"": 1, ""16"": 1, ""14"": 3, ""13"": 1, ""10"": 2, ""8"": 2, ""7"": 2, ""9"": 1, ""6"": 3, ""5"": 3, ""2"": 18, ""4"": 1, ""3"": 4}",0.05
76,92,33,"[9, 6, 4, 3, 1, 3, 1, 3, 3, 2, 3, 4, 2, 4, 7, 2, 3, 2, 3, 4, 2, 1, 2, 1, 2, 2, 3, 2, 2, 2, 2, 1, 1]",37,2,11.64,373,"{""37"": 7, ""12"": 7, ""15"": 2, ""23"": 3, ""13"": 3, ""18"": 2, ""24"": 2, ""20"": 2, ""19"": 3, ""26"": 1, ""27"": 1, ""16"": 1, ""31"": 1, ""22"": 1, ""14"": 2, ""32"": 1, ""11"": 2, ""7"": 5, ""8"": 2, ""9"": 1, ""6"": 6, ""5"": 8, ""3"": 3, ""2"": 22, ""4"": 4}",0.03
77,124,29,"[16, 11, 7, 5, 5, 11, 7, 5, 3, 4, 4, 5, 3, 2, 3, 4, 4, 2, 1, 2, 1, 2, 4, 2, 1, 3, 4, 2, 1]",37,2,12.22,85,"{""37"": 11, ""28"": 2, ""24"": 3, ""22"": 2, ""36"": 2, ""30"": 1, ""15"": 3, ""17"": 2, ""18"": 1, ""27"": 4, ""13"": 6, ""16"": 3, ""21"": 1, ""14"": 5, ""26"": 1, ""12"": 8, ""20"": 2, ""19"": 1, ""10"": 1, ""8"": 3, ""7"": 5, ""9"": 1, ""5"": 6, ""6"": 1, ""2"": 36, ""4"": 6, ""3"": 7}",0.034
78,110,36,"[14, 7, 11, 3, 4, 4, 2, 2, 4, 3, 2, 3, 1, 1, 3, 2, 2, 3, 3, 1, 2, 3, 2, 3, 2, 2, 2, 2, 4, 2, 2, 3, 3, 1, 1, 1]",37,2,10.54,441,"{""37"": 11, ""14"": 4, ""33"": 1, ""26"": 1, ""16"": 2, ""18"": 3, ""12"": 5, ""17"": 1, ""13"": 5, ""22"": 2, ""25"": 1, ""28"": 1, ""32"": 1, ""24"": 1, ""23"": 1, ""10"": 1, ""8"": 4, ""7"": 2, ""6"": 2, ""5"": 8, ""3"": 7, ""2"": 40, ""4"": 6}",0.028
79,140,41,"[17, 11, 15, 8, 3, 6, 4, 2, 3, 3, 2, 1, 1, 3, 1, 1, 1, 3, 2, 4, 2, 3, 4, 5, 1, 2, 7, 3, 1, 2, 2, 1, 3, 1, 2, 2, 1, 1, 1, 1, 4]",37,2,11.96,89,"{""37"": 11, ""15"": 6, ""19"": 2, ""24"": 2, ""13"": 3, ""36"": 1, ""32"": 1, ""29"": 2, ""12"": 6, ""21"": 1, ""33"": 1, ""35"": 1, ""18"": 1, ""27"": 2, ""16"": 2, ""14"": 5, ""25"": 2, ""17"": 4, ""20"": 1, ""30"": 1, ""34"": 2, ""23"": 1, ""11"": 5, ""10"": 3, ""7"": 5, ""8"": 4, ""6"": 5, ""5"": 5, ""2"": 43, ""3"": 8, ""4"": 4}",0.024
8,9,4,"[4, 3, 1, 1]",37,2,10.89,2,"{""21"": 1, ""37"": 1, ""14"": 1, ""12"": 1, ""6"": 1, ""2"": 4}",0.25
80,56,20,"[9, 4, 5, 4, 6, 2, 1, 1, 2, 1, 1, 2, 2, 5, 5, 2, 1, 1, 1, 1]",37,2,11.3,663,"{""23"": 2, ""25"": 1, ""37"": 3, ""12"": 4, ""35"": 1, ""18"": 2, ""16"": 2, ""14"": 4, ""20"": 1, ""15"": 2, ""13"": 4, ""21"": 1, ""11"": 1, ""10"": 1, ""7"": 4, ""5"": 6, ""8"": 1, ""2"": 14, ""3"": 2}",0.05
81,124,29,"[14, 7, 6, 5, 4, 3, 5, 2, 3, 6, 6, 5, 2, 6, 4, 5, 5, 6, 5, 3, 1, 2, 4, 2, 3, 4, 1, 2, 3]",37,2,12.37,66,"{""37"": 8, ""21"": 2, ""23"": 1, ""33"": 2, ""15"": 7, ""32"": 1, ""12"": 11, ""30"": 2, ""35"": 2, ""24"": 3, ""20"": 2, ""31"": 1, ""25"": 1, ""28"": 1, ""14"": 3, ""13"": 5, ""22"": 1, ""16"": 2, ""29"": 2, ""17"": 2, ""19"": 2, ""10"": 3, ""7"": 3, ""6"": 4, ""5"": 8, ""2"": 35, ""3"": 4, ""4"": 6}",0.034
82,126,40,"[10, 11, 8, 7, 5, 2, 3, 4, 2, 2, 2, 5, 4, 5, 4, 1, 2, 1, 1, 2, 2, 2, 3, 2, 1, 3, 4, 2, 1, 2, 2, 2, 3, 2, 2, 3, 3, 1, 3, 2]",37,2,12.06,81,"{""37"": 13, ""19"": 5, ""28"": 3, ""31"": 1, ""23"": 2, ""12"": 11, ""13"": 3, ""21"": 2, ""36"": 1, ""30"": 2, ""14"": 2, ""20"": 2, ""16"": 3, ""25"": 1, ""17"": 2, ""22"": 1, ""10"": 3, ""11"": 2, ""8"": 5, ""7"": 4, ""9"": 1, ""5"": 3, ""6"": 1, ""2"": 37, ""3"": 12, ""4"": 4}",0.025
83,97,25,"[11, 13, 7, 10, 5, 3, 5, 4, 3, 4, 5, 4, 3, 2, 2, 2, 1, 2, 1, 2, 1, 3, 1, 2, 1]",37,2,13.19,485,"{""37"": 12, ""28"": 1, ""24"": 4, ""34"": 2, ""14"": 3, ""18"": 2, ""16"": 3, ""20"": 2, ""21"": 1, ""15"": 2, ""25"": 3, ""19"": 2, ""12"": 6, ""13"": 3, ""26"": 1, ""8"": 3, ""10"": 1, ""6"": 4, ""5"": 6, ""7"": 1, ""3"": 3, ""2"": 28, ""4"": 4}",0.04
84,141,45,"[15, 11, 9, 8, 5, 6, 4, 6, 2, 1, 1, 2, 2, 2, 1, 2, 1, 2, 4, 3, 2, 2, 1, 1, 4, 2, 3, 2, 2, 2, 4, 4, 2, 1, 5, 3, 2, 3, 1, 1, 1, 2, 1, 2, 1]",37,2,12.58,75,"{""37"": 17, ""33"": 1, ""22"": 3, ""28"": 3, ""32"": 1, ""21"": 1, ""20"": 2, ""14"": 6, ""25"": 1, ""17"": 5, ""15"": 5, ""34"": 1, ""13"": 9, ""36"": 1, ""12"": 4, ""27"": 1, ""26"": 2, ""16"": 2, ""7"": 2, ""8"": 3, ""9"": 1, ""10"": 1, ""5"": 11, ""6"": 4, ""2"": 47, ""3"": 4, ""4"": 3}",0.022
85,67,14,"[12, 10, 10, 8, 5, 4, 3, 4, 2, 1, 2, 2, 3, 1]",37,2,10.33,790,"{""16"": 2, ""19"": 2, ""21"": 1, ""37"": 3, ""17"": 3, ""13"": 3, ""18"": 1, ""12"": 2, ""26"": 2, ""22"": 1, ""14"": 3, ""30"": 1, ""20"": 1, ""29"": 1, ""15"": 1, ""10"": 1, ""11"": 1, ""7"": 3, ""9"": 2, ""5"": 6, ""2"": 23, ""3"": 4}",0.071
86,123,38,"[13, 10, 7, 6, 3, 4, 3, 6, 6, 5, 4, 3, 5, 2, 2, 1, 2, 1, 1, 1, 2, 1, 3, 2, 2, 2, 2, 2, 4, 1, 3, 2, 2, 1, 3, 3, 2, 1]",37,2,12.41,73,"{""37"": 11, ""17"": 4, ""24"": 4, ""19"": 4, ""13"": 7, ""27"": 1, ""12"": 11, ""15"": 5, ""35"": 1, ""33"": 1, ""20"": 2, ""16"": 3, ""22"": 2, ""14"": 3, ""26"": 1, ""23"": 1, ""18"": 1, ""10"": 2, ""7"": 6, ""8"": 3, ""11"": 1, ""9"": 2, ""5"": 4, ""6"": 3, ""4"": 6, ""2"": 33, ""3"": 1}",0.026
87,102,22,"[19, 10, 7, 6, 4, 4, 4, 1, 1, 1, 3, 4, 4, 5, 4, 6, 6, 4, 2, 4, 2, 1]",37,2,12.57,482,"{""14"": 5, ""37"": 10, ""32"": 1, ""21"": 3, ""19"": 5, ""12"": 5, ""18"": 3, ""23"": 2, ""17"": 3, ""34"": 1, ""25"": 1, ""13"": 5, ""30"": 1, ""15"": 1, ""20"": 1, ""16"": 1, ""22"": 1, ""11"": 1, ""7"": 6, ""8"": 2, ""9"": 1, ""6"": 4, ""5"": 9, ""2"": 25, ""4"": 2, ""3"": 3}",0.045
88,149,44,"[12, 9, 10, 9, 7, 5, 4, 5, 5, 2, 3, 7, 5, 2, 2, 2, 2, 4, 3, 4, 4, 2, 2, 3, 1, 1, 1, 2, 4, 3, 2, 2, 2, 1, 1, 1, 1, 3, 1, 3, 4, 1, 1, 1]",37,2,11.89,78,"{""14"": 9, ""23"": 5, ""24"": 2, ""37"": 13, ""31"": 4, ""13"": 1, ""27"": 1, ""21"": 2, ""12"": 7, ""19"": 3, ""33"": 1, ""16"": 2, ""29"": 1, ""17"": 5, ""20"": 1, ""22"": 1, ""26"": 3, ""15"": 1, ""10"": 5, ""11"": 2, ""9"": 1, ""8"": 7, ""7"": 1, ""5"": 8, ""6"": 2, ""2"": 46, ""4"": 7, ""3"": 8}",0.023
89,128,41,"[15, 11, 12, 7, 5, 4, 5, 3, 4, 2, 2, 2, 1, 1, 4, 4, 1, 6, 3, 3, 3, 1, 1, 1, 2, 2, 2, 1, 1, 1, 1, 1, 2, 1, 2, 3, 3, 2, 1, 1, 1]",37,2,11.58,543,"{""14"": 5, ""37"": 12, ""18"": 5, ""19"": 1, ""36"": 1, ""17"": 4, ""23"": 1, ""24"": 1, ""12"": 5, ""26"": 1, ""22"": 2, ""20"": 3, ""13"": 4, ""28"": 2, ""16"": 3, ""30"": 1, ""15"": 3, ""11"": 2, ""8"": 2, ""10"": 1, ""7"": 6, ""9"": 2, ""5"": 11, ""6"": 2, ""4"": 5, ""2"": 37, ""3"": 6}",0.024
9,17,7,"[1, 2, 1, 4, 4, 4, 1]",37,2,13.0,79,"{""37"": 2, ""15"": 1, ""12"": 2, ""21"": 1, ""16"": 1, ""13"": 2, ""10"": 1, ""7"": 1, ""8"": 1, ""6"": 1, ""5"": 2, ""2"": 2}",0.143
90,41,12,"[7, 4, 6, 4, 1, 1, 4, 3, 3, 4, 3, 1]",37,2,13.22,826,"{""32"": 1, ""37"": 3, ""25"": 2, ""36"": 1, ""21"": 1, ""24"": 2, ""16"": 6, ""31"": 1, ""15"": 1, ""13"": 1, ""17"": 1, ""11"": 1, ""7"": 2, ""6"": 1, ""5"": 2, ""2"": 14, ""3"": 1}",0.083
91,105,31,"[20, 9, 7, 2, 3, 2, 2, 3, 3, 1, 2, 3, 4, 4, 2, 3, 2, 4, 5, 1, 2, 2, 2, 3, 2, 2, 3, 2, 2, 1, 2]",37,2,12.16,487,"{""26"": 2, ""37"": 10, ""20"": 3, ""29"": 1, ""28"": 1, ""33"": 3, ""13"": 4, ""16"": 2, ""15"": 3, ""12"": 9, ""18"": 1, ""19"": 1, ""14"": 7, ""17"": 2, ""10"": 1, ""11"": 2, ""7"": 7, ""8"": 2, ""9"": 1, ""5"": 9, ""6"": 2, ""3"": 4, ""2"": 27, ""4"": 1}",0.032
92,136,46,"[12, 9, 10, 7, 1, 1, 2, 3, 3, 3, 4, 5, 4, 4, 1, 2, 1, 1, 2, 2, 3, 3, 1, 2, 1, 4, 1, 1, 1, 2, 3, 2, 1, 2, 3, 2, 2, 3, 7, 4, 3, 1, 3, 1, 1, 2]",37,2,12.99,82,"{""24"": 3, ""37"": 15, ""29"": 1, ""18"": 6, ""19"": 2, ""21"": 2, ""28"": 3, ""16"": 5, ""25"": 2, ""14"": 5, ""20"": 2, ""35"": 1, ""12"": 4, ""31"": 1, ""15"": 4, ""17"": 1, ""32"": 1, ""22"": 1, ""13"": 6, ""11"": 2, ""7"": 6, ""8"": 5, ""9"": 2, ""5"": 5, ""6"": 2, ""4"": 5, ""3"": 9, ""2"": 35}",0.022
93,126,46,"[14, 8, 7, 5, 1, 1, 2, 5, 4, 2, 4, 2, 1, 1, 1, 1, 2, 3, 4, 5, 3, 3, 2, 2, 1, 1, 1, 3, 3, 2, 3, 3, 2, 2, 2, 3, 2, 2, 1, 1, 2, 1, 1, 3, 3, 1]",37,2,11.87,530,"{""37"": 10, ""32"": 1, ""18"": 3, ""15"": 2, ""14"": 4, ""19"": 5, ""35"": 1, ""21"": 1, ""31"": 2, ""16"": 2, ""17"": 5, ""12"": 6, ""36"": 1, ""29"": 1, ""22"": 1, ""13"": 5, ""26"": 1, ""28"": 1, ""20"": 1, ""24"": 2, ""10"": 3, ""11"": 1, ""7"": 5, ""8"": 3, ""5"": 10, ""6"": 4, ""2"": 36, ""3"": 5, ""4"": 4}",0.022
94,156,41,"[9, 4, 4, 5, 4, 9, 7, 6, 4, 4, 6, 5, 4, 5, 3, 5, 5, 5, 3, 2, 3, 3, 1, 6, 6, 3, 4, 2, 2, 1, 1, 2, 3, 3, 3, 4, 3, 2, 2, 1, 2]",37,2,12.51,73,"{""37"": 15, ""16"": 4, ""21"": 1, ""24"": 3, ""17"": 4, ""34"": 2, ""30"": 1, ""29"": 1, ""19"": 4, ""25"": 1, ""35"": 3, ""12"": 9, ""28"": 2, ""26"": 2, ""15"": 3, ""13"": 5, ""18"": 3, ""31"": 1, ""36"": 1, ""14"": 3, ""11"": 2, ""10"": 2, ""7"": 7, ""9"": 1, ""8"": 5, ""6"": 6, ""5"": 11, ""2"": 48, ""4"": 5, ""3"": 1}",0.024
95,57,17,"[11, 6, 6, 3, 2, 5, 2, 2, 3, 4, 2, 2, 2, 4, 1, 1, 1]",37,2,11.67,935,"{""27"": 1, ""37"": 5, ""17"": 3, ""13"": 3, ""26"": 2, ""12"": 2, ""19"": 2, ""15"": 1, ""23"": 1, ""22"": 1, ""16"": 2, ""14"": 2, ""10"": 2, ""8"": 2, ""7"": 3, ""9"": 1, ""5"": 3, ""3"": 2, ""2"": 17, ""4"": 2}",0.059
96,103,43,"[8, 3, 2, 2, 4, 6, 6, 3, 2, 2, 1, 2, 2, 3, 4, 1, 2, 3, 1, 1, 1, 3, 1, 2, 1, 1, 5, 1, 1, 1, 1, 1, 1, 3, 2, 3, 3, 2, 3, 4, 3, 1, 1]",37,2,12.97,513,"{""37"": 13, ""28"": 1, ""19"": 2, ""15"": 5, ""23"": 1, ""22"": 2, ""13"": 3, ""35"": 1, ""17"": 2, ""33"": 1, ""26"": 1, ""20"": 1, ""21"": 1, ""12"": 6, ""16"": 3, ""14"": 3, ""25"": 1, ""18"": 3, ""10"": 3, ""7"": 6, ""8"": 2, ""5"": 3, ""2"": 28, ""4"": 6, ""3"": 5}",0.023
97,156,47,"[22, 7, 9, 6, 7, 7, 4, 4, 3, 3, 1, 1, 1, 1, 1, 1, 2, 3, 2, 1, 1, 1, 2, 1, 1, 4, 6, 2, 2, 3, 2, 2, 3, 3, 3, 5, 3, 4, 4, 2, 2, 2, 2, 3, 3, 3, 1]",37,2,12.48,78,"{""37"": 15, ""26"": 1, ""30"": 3, ""12"": 11, ""15"": 3, ""14"": 5, ""13"": 9, ""35"": 1, ""25"": 2, ""23"": 1, ""16"": 6, ""18"": 2, ""20"": 1, ""19"": 3, ""17"": 2, ""33"": 1, ""31"": 1, ""28"": 2, ""21"": 2, ""36"": 2, ""11"": 2, ""10"": 1, ""7"": 6, ""8"": 3, ""5"": 11, ""6"": 5, ""9"": 1, ""2"": 37, ""4"": 10, ""3"": 7}",0.021
98,133,30,"[26, 9, 7, 10, 6, 6, 7, 4, 2, 2, 3, 3, 4, 3, 4, 3, 4, 4, 4, 1, 1, 3, 3, 2, 4, 2, 2, 2, 1, 1]",37,2,11.29,523,"{""37"": 8, ""12"": 8, ""26"": 1, ""33"": 1, ""18"": 3, ""13"": 9, ""36"": 2, ""32"": 1, ""17"": 6, ""15"": 6, ""35"": 2, ""14"": 2, ""20"": 1, ""19"": 2, ""23"": 3, ""22"": 2, ""21"": 1, ""16"": 1, ""10"": 5, ""7"": 7, ""9"": 2, ""8"": 1, ""5"": 5, ""6"": 2, ""4"": 4, ""2"": 44, ""3"": 4}",0.033
99,186,54,"[11, 3, 3, 9, 4, 6, 9, 9, 8, 11, 9, 5, 3, 4, 3, 4, 5, 3, 2, 1, 2, 1, 3, 6, 4, 2, 2, 1, 3, 4, 5, 4, 2, 1, 1, 2, 2, 1, 1, 1, 2, 1, 1, 1, 1, 2, 2, 2, 3, 5, 2, 2, 1, 1]",37,2,11.34,99,"{""27"": 1, ""28"": 1, ""37"": 15, ""25"": 2, ""17"": 7, ""29"": 2, ""12"": 7, ""23"": 4, ""16"": 5, ""24"": 1, ""15"": 4, ""20"": 3, ""21"": 1, ""35"": 3, ""32"": 1, ""30"": 1, ""19"": 2, ""13"": 7, ""14"": 6, ""36"": 1, ""18"": 2, ""10"": 4, ""11"": 4, ""9"": 1, ""8"": 3, ""7"": 5, ""6"": 5, ""5"": 7, ""3"": 9, ""2"": 66, ""4"": 6}",0.019
circle,18,6,"[8, 4, 1, 1, 1, 3]",24,2,9.67,51,"{""12"": 2, ""24"": 2, ""19"": 1, ""14"": 1, ""8"": 1, ""9"": 2, ""17"": 1, ""5"": 1, ""4"": 3, ""3"": 1, ""2"": 3}",0.167
level_01,2,1,[2],13,13,13.0,55,"{""13"": 2}",1.0
level_02,3,2,"[1, 2]",28,8,15.67,34,"{""11"": 1, ""8"": 1, ""28"": 1}",0.5
level_03,6,3,"[1, 3, 2]",23,9,18.33,0,"{""23"": 3, ""9"": 1, ""22"": 1, ""10"": 1}",0.333
level_04,8,5,"[2, 1, 2, 2, 1]",30,4,13.62,1,"{""18"": 1, ""23"": 1, ""30"": 1, ""11"": 1, ""4"": 1, ""9"": 1, ""8"": 1, ""6"": 1}",0.2
level_05,18,5,"[5, 5, 4, 2, 2]",26,4,10.61,5,"{""18"": 2, ""14"": 1, ""26"": 1, ""7"": 6, ""10"": 1, ""6"": 1, ""8"": 2, ""9"": 1, ""16"": 1, ""12"": 1, ""4"": 1}",0.2
level_06,16,7,"[7, 2, 1, 2, 1, 2, 1]",43,4,14.44,169,"{""43"": 1, ""4"": 3, ""27"": 1, ""21"": 1, ""22"": 1, ""12"": 2, ""11"": 2, ""18"": 1, ""7"": 1, ""5"": 1, ""20"": 1, ""10"": 1}",0.143
level_07,19,4,"[8, 7, 3, 1]",17,3,9.74,40,"{""13"": 1, ""11"": 1, ""8"": 2, ""7"": 5, ""10"": 2, ""3"": 1, ""4"": 1, ""17"": 1, ""14"": 1, ""16"": 1, ""9"": 1, ""12"": 1, ""15"": 1}",0.25
level_08,15,7,"[4, 2, 2, 3, 1, 2, 1]",35,2,9.8,3,"{""2"": 1, ""5"": 3, ""3"": 3, ""4"": 1, ""30"": 1, ""35"": 1, ""14"": 1, ""9"": 1, ""15"": 1, ""8"": 1, ""6"": 1}",0.143
level_09,20,10,"[1, 2, 3, 4, 1, 1, 2, 2, 2, 2]",37,2,14.65,7,"{""34"": 1, ""32"": 2, ""23"": 1, ""37"": 1, ""12"": 3, ""26"": 1, ""13"": 3, ""14"": 1, ""2"": 3, ""3"": 2, ""4"": 2}",0.1
level_10,24,12,"[5, 4, 1, 2, 2, 1, 1, 2, 2, 2, 1, 1]",25,2,10.29,95,"{""24"": 3, ""22"": 1, ""10"": 1, ""11"": 1, ""13"": 2, ""8"": 3, ""6"": 1, ""4"": 5, ""3"": 3, ""2"": 1, ""15"": 1, ""5"": 1, ""25"": 1}",0.083
level_11,20,10,"[3, 5, 3, 1, 1, 1, 1, 2, 2, 1]",19,3,10.85,8,"{""19"": 1, ""11"": 4, ""13"": 3, ""14"": 2, ""12"": 2, ""10"": 4, ""8"": 1, ""7"": 1, ""3"": 1, ""5"": 1}",0.1
level_12,23,8,"[6, 4, 2, 3, 2, 2, 2, 2]",37,2,12.3,17,"{""37"": 3, ""25"": 1, ""21"": 1, ""15"": 1, ""13"": 3, ""19"": 1, ""9"": 1, ""7"": 1, ""5"": 3, ""6"": 1, ""4"": 1, ""2"": 6}",0.125
level_13,39,17,"[4, 4, 4, 3, 2, 2, 2, 2, 2, 3, 1, 1, 3, 2, 2, 1, 1]",17,2,8.44,146,"{""12"": 8, ""9"": 3, ""7"": 2, ""11"": 2, ""8"": 2, ""5"": 4, ""4"": 2, ""3"": 3, ""2"": 4, ""14"": 1, ""15"": 4, ""6"": 3, ""17"": 1}",0.059
level_14,54,13,"[11, 7, 8, 5, 2, 1, 2, 3, 3, 3, 5, 3, 1]",37,2,11.19,21,"{""37"": 3, ""36"": 1, ""17"": 1, ""18"": 1, ""15"": 2, ""19"": 1, ""21"": 1, ""24"": 1, ""30"": 1, ""13"": 3, ""16"": 1, ""14"": 3, ""10"": 1, ""11"": 3, ""22"": 2, ""12"": 1, ""9"": 2, ""7"": 2, ""6"": 4, ""5"": 1, ""3"": 3, ""2"": 16}",0.077
level_15,58,21,"[13, 8, 1, 2, 2, 2, 2, 2, 5, 2, 3, 2, 3, 1, 2, 3, 1, 1, 1, 1, 1]",17,2,7.6,259,"{""15"": 9, ""6"": 9, ""9"": 3, ""10"": 3, ""12"": 3, ""5"": 5, ""8"": 5, ""14"": 1, ""11"": 1, ""7"": 2, ""3"": 2, ""2"": 12, ""17"": 1, ""4"": 2}",0.048
level_16,21,12,"[2, 1, 2, 2, 3, 2, 2, 1, 2, 1, 2, 1]",22,2,10.29,9,"{""22"": 4, ""13"": 1, ""8"": 4, ""17"": 1, ""11"": 3, ""9"": 1, ""7"": 1, ""5"": 1, ""2"": 4, ""4"": 1}",0.083
level_17,37,24,"[4, 2, 1, 3, 2, 2, 2, 1, 2, 2, 1, 1, 1, 1, 2, 1, 1, 1, 1, 1, 1, 1, 1, 2]",17,2,7.92,7,"{""15"": 6, ""11"": 2, ""10"": 1, ""8"": 4, ""7"": 4, ""5"": 5, ""6"": 2, ""9"": 1, ""4"": 1, ""2"": 8, ""17"": 1, ""16"": 1, ""12"": 1}",0.042
level_18,36,14,"[5, 5, 3, 3, 3, 3, 1, 2, 2, 1, 3, 2, 2, 1]",17,2,6.58,52,"{""17"": 1, ""9"": 4, ""7"": 2, ""8"": 3, ""11"": 3, ""6"": 9, ""10"": 1, ""5"": 2, ""2"": 5, ""3"": 4, ""13"": 1, ""4"": 1}",0.071
level_19,15,8,"[3, 3, 2, 2, 1, 2, 1, 1]",84,2,26.27,6,"{""80"": 1, ""84"": 1, ""22"": 2, ""44"": 1, ""24"": 1, ""25"": 1, ""20"": 1, ""18"": 2, ""13"": 1, ""9"": 1, ""10"": 1, ""2"": 1, ""3"": 1}",0.125
level_20,39,14,"[10, 2, 1, 2, 4, 1, 3, 3, 2, 4, 2, 2, 2, 1]",15,2,7.95,474,"{""11"": 3, ""15"": 8, ""14"": 1, ""8"": 1, ""6"": 5, ""9"": 2, ""5"": 6, ""7"": 3, ""12"": 1, ""4"": 1, ""3"": 4, ""2"": 4}",0.071
